Video_id,FrameIndex,x,y,speed,Engagement,speed_change
1,0,560,360,0,4,
1,1,560,361,1,4,
1,2,560,359,2,4,
1,3,556,358,"4,123105626",4,
1,4,554,361,"3,605551275",4,
1,5,554,361,0,4,
1,6,554,358,3,4,
1,7,555,354,"4,123105626",4,
1,8,554,354,1,4,
1,9,553,351,"3,16227766",4,
1,10,554,351,1,4,
1,11,554,351,0,4,
1,12,555,352,"1,414213562",4,
1,13,563,356,"8,94427191",4,
1,14,562,356,1,4,
1,15,561,356,1,4,
1,16,560,356,1,4,
1,17,560,356,0,4,
1,18,561,356,1,4,
1,19,561,356,0,4,
1,20,561,356,0,4,
1,21,559,357,"2,236067977",4,
1,22,554,357,5,4,
1,23,554,357,0,4,
1,24,559,362,"7,071067812",4,
1,25,559,361,1,4,
1,26,554,359,"5,385164807",4,
1,27,555,361,"2,236067977",4,
1,28,558,363,"3,605551275",4,
1,29,562,359,"5,656854249",4,
1,30,566,350,"9,848857802",4,
1,31,574,346,"8,94427191",4,
1,32,575,348,"2,236067977",4,
1,33,574,351,"3,16227766",4,
1,34,575,349,"2,236067977",4,
1,35,571,346,5,4,
1,36,569,350,"4,472135955",4,
1,37,569,350,0,4,
1,38,569,350,0,4,
1,39,568,351,"1,414213562",4,
1,40,567,351,1,4,
1,41,564,353,"3,605551275",4,
1,42,560,360,"8,062257748",4,
1,43,560,362,2,4,
1,44,560,361,1,4,
1,45,561,361,1,4,
1,46,563,362,"2,236067977",4,
1,47,564,360,"2,236067977",4,
1,48,565,359,"1,414213562",4,
1,49,565,357,2,4,
1,50,566,356,"1,414213562",4,
1,51,569,356,3,4,
1,52,574,353,"5,830951895",4,
1,53,586,347,"13,41640786",4,
1,54,593,332,"16,55294536",4,
1,55,595,327,"5,385164807",4,
1,56,592,335,"8,544003745",4,
1,57,591,338,"3,16227766",4,
1,58,594,335,"4,242640687",4,
1,59,591,337,"3,605551275",4,
1,60,590,339,"2,236067977",4,
1,61,590,338,1,4,
1,62,586,341,5,4,
1,63,586,342,1,4,
1,64,585,339,"3,16227766",4,
1,65,587,337,"2,828427125",4,
1,66,589,333,"4,472135955",4,
1,67,590,331,"2,236067977",4,
1,68,591,332,"1,414213562",4,
1,69,593,331,"2,236067977",4,
1,70,592,332,"1,414213562",4,
1,71,591,332,1,4,
1,72,588,332,3,4,
1,73,591,334,"3,605551275",4,
1,74,589,336,"2,828427125",4,
1,75,592,337,"3,16227766",4,
1,76,594,338,"2,236067977",4,
1,77,597,335,"4,242640687",4,
1,78,599,328,"7,280109889",4,
1,79,601,324,"4,472135955",4,
1,80,599,328,"4,472135955",4,
1,81,601,333,"5,385164807",4,
1,82,599,331,"2,828427125",4,
1,83,598,331,1,4,
1,84,602,331,4,4,
1,85,602,327,4,4,
1,86,600,326,"2,236067977",4,
1,87,598,327,"2,236067977",4,
1,88,595,331,5,4,
1,89,599,331,4,4,
1,90,599,331,0,4,
1,91,601,332,"2,236067977",4,
1,92,606,327,"7,071067812",4,
1,93,612,317,"11,66190379",4,
1,94,617,306,"12,08304597",4,
1,95,618,306,1,4,
1,96,613,313,"8,602325267",4,
1,97,609,320,"8,062257748",4,
1,98,607,319,"2,236067977",4,
1,99,607,320,1,4,
1,100,607,322,2,4,
1,101,616,320,"9,219544457",4,
1,102,619,318,"3,605551275",4,
1,103,617,320,"2,828427125",4,
1,104,615,323,"3,605551275",4,
1,105,615,325,2,4,
1,106,615,326,1,4,
1,107,616,328,"2,236067977",4,
1,108,620,330,"4,472135955",4,
1,109,625,326,"6,403124237",4,
1,110,628,322,5,4,
1,111,629,320,"2,236067977",4,
1,112,628,321,"1,414213562",4,
1,113,627,319,"2,236067977",4,
1,114,625,320,"2,236067977",4,
1,115,626,320,1,4,
1,116,626,321,1,4,
1,117,625,321,1,4,
1,118,628,319,"3,605551275",4,
1,119,630,318,"2,236067977",4,
1,120,631,319,"1,414213562",4,
1,121,629,317,"2,828427125",4,
1,122,624,324,"8,602325267",4,
1,123,624,322,2,4,
1,124,626,319,"3,605551275",4,
1,125,633,313,"9,219544457",4,
1,126,638,306,"8,602325267",4,
1,127,643,301,"7,071067812",4,
1,128,640,300,"3,16227766",4,
1,129,640,295,5,4,
1,130,637,298,"4,242640687",4,
1,131,638,295,"3,16227766",4,
1,132,640,294,"2,236067977",4,
1,133,644,291,5,4,
1,134,648,293,"4,472135955",4,
1,135,648,292,1,4,
1,136,648,292,0,4,
1,137,646,289,"3,605551275",4,
1,138,645,283,"6,08276253",4,
1,139,644,284,"1,414213562",4,
1,140,644,282,2,4,
1,141,641,288,"6,708203932",4,
1,142,641,291,3,4,
1,143,641,292,1,4,
1,144,643,290,"2,828427125",4,
1,145,644,292,"2,236067977",4,
1,146,644,292,0,4,
1,147,645,295,"3,16227766",4,
1,148,647,291,"4,472135955",4,
1,149,647,289,2,4,
1,150,646,290,"1,414213562",4,
1,151,646,291,1,4,
1,152,646,290,1,4,
1,153,647,293,"3,16227766",4,
1,154,647,292,1,4,
1,155,648,293,"1,414213562",4,
1,156,648,290,3,4,
1,157,646,288,"2,828427125",4,
1,158,645,289,"1,414213562",4,
1,159,646,289,1,4,
1,160,647,286,"3,16227766",4,
1,161,651,286,4,4,
1,162,656,288,"5,385164807",4,
1,163,657,287,"1,414213562",4,
1,164,656,286,"1,414213562",4,
1,165,655,289,"3,16227766",4,
1,166,654,289,1,4,
1,167,653,290,"1,414213562",4,
1,168,653,289,1,4,
1,169,653,290,1,4,
1,170,653,292,2,4,
1,171,654,293,"1,414213562",4,
1,172,656,293,2,4,
1,173,659,289,5,4,
1,174,660,291,"2,236067977",4,
1,175,658,290,"2,236067977",4,
1,176,658,287,3,4,
1,177,658,289,2,4,
1,178,658,292,3,4,
1,179,657,291,"1,414213562",4,
1,180,655,287,"4,472135955",4,
1,181,655,290,3,4,
1,182,657,289,"2,236067977",4,
1,183,661,291,"4,472135955",4,
1,184,666,293,"5,385164807",4,
1,185,670,292,"4,123105626",4,
1,186,674,286,"7,211102551",4,
1,187,675,283,"3,16227766",4,
1,188,674,285,"2,236067977",4,
1,189,672,286,"2,236067977",4,
1,190,672,286,0,4,
1,191,673,286,1,4,
1,192,672,288,"2,236067977",4,
1,193,670,287,"2,236067977",4,
1,194,666,284,5,4,
1,195,662,284,4,4,
1,196,662,281,3,4,
1,197,664,283,"2,828427125",4,
1,198,667,286,"4,242640687",4,
1,199,669,286,2,4,
1,200,669,287,1,4,
1,201,670,287,1,4,
1,202,672,287,2,4,
1,203,674,286,"2,236067977",4,
1,204,681,286,7,4,
1,205,699,275,"21,09502311",4,
1,206,710,239,"37,64306045",4,
1,207,720,232,"12,20655562",4,
1,208,723,227,"5,830951895",4,
1,209,723,221,6,4,
1,210,706,212,"19,23538406",4,
1,211,689,216,"17,4642492",4,
1,212,689,215,1,4,
1,213,689,212,3,4,
1,214,696,209,"7,615773106",4,
1,215,697,210,"1,414213562",4,
1,216,693,216,"7,211102551",4,
1,217,696,217,"3,16227766",4,
1,218,700,216,"4,123105626",4,
1,219,700,218,2,4,
1,220,699,217,"1,414213562",4,
1,221,694,218,"5,099019514",4,
1,222,691,218,3,4,
1,223,691,218,0,4,
1,224,691,221,3,4,
1,225,692,223,"2,236067977",4,
1,226,693,223,1,4,
1,227,692,223,1,4,
1,228,694,222,"2,236067977",4,
1,229,696,220,"2,828427125",4,
1,230,696,221,1,4,
1,231,697,221,1,4,
1,232,697,221,0,4,
1,233,698,223,"2,236067977",4,
1,234,699,222,"1,414213562",4,
1,235,701,222,2,4,
1,236,702,222,1,4,
1,237,702,222,0,4,
1,238,702,223,1,4,
1,239,703,223,1,4,
1,240,705,224,"2,236067977",4,
1,241,710,225,"5,099019514",4,
1,242,719,221,"9,848857802",4,
1,243,722,219,"3,605551275",4,
1,244,719,219,3,4,
1,245,715,220,"4,123105626",4,
1,246,712,221,"3,16227766",4,
1,247,712,222,1,4,
1,248,714,222,2,4,
1,249,715,221,"1,414213562",4,
1,250,715,220,1,4,
1,251,712,219,"3,16227766",4,
1,252,708,221,"4,472135955",4,
1,253,707,222,"1,414213562",4,
1,254,710,223,"3,16227766",4,
1,255,712,224,"2,236067977",4,
1,256,716,223,"4,123105626",4,
1,257,720,220,5,4,
1,258,723,219,"3,16227766",4,
1,259,722,218,"1,414213562",4,
1,260,724,222,"4,472135955",4,
1,261,722,219,"3,605551275",4,
1,262,721,219,1,4,
1,263,720,219,1,4,
1,264,720,220,1,4,
1,265,719,220,1,4,
1,266,720,221,"1,414213562",4,
1,267,720,221,0,4,
1,268,720,223,2,4,
1,269,721,222,"1,414213562",4,
1,270,722,223,"1,414213562",4,
1,271,722,222,1,4,
1,272,723,222,1,4,
1,273,724,223,"1,414213562",4,
1,274,725,223,1,4,
1,275,726,223,1,4,
1,276,726,223,0,4,
1,277,726,223,0,4,
1,278,726,223,0,4,
1,279,728,225,"2,828427125",4,
1,280,731,227,"3,605551275",4,
1,281,731,228,1,4,
1,282,731,227,1,4,
1,283,731,226,1,4,
1,284,731,226,0,4,
1,285,730,225,"1,414213562",4,
1,286,731,224,"1,414213562",4,
1,287,731,225,1,4,
1,288,732,229,"4,123105626",4,
1,289,735,230,"3,16227766",4,
1,290,734,230,1,4,
1,291,735,229,"1,414213562",4,
1,292,733,226,"3,605551275",4,
1,293,731,226,2,4,
1,294,732,226,1,4,
1,295,733,227,"1,414213562",4,
1,296,736,232,"5,830951895",4,
1,297,739,231,"3,16227766",4,
1,298,740,232,"1,414213562",4,
1,299,741,233,"1,414213562",4,
1,300,742,233,1,4,
1,301,742,234,1,4,
2,0,649,445,0,4,
2,1,649,444,1,4,
2,2,648,444,1,4,
2,3,648,445,1,4,
2,4,648,448,3,4,
2,5,648,449,1,4,
2,6,649,445,"4,123105626",4,
2,7,650,444,"1,414213562",4,
2,8,651,445,"1,414213562",4,
2,9,650,444,"1,414213562",4,
2,10,650,444,0,4,
2,11,651,438,"6,08276253",4,
2,12,650,444,"6,08276253",4,
2,13,650,442,2,4,
2,14,650,442,0,4,
2,15,648,446,"4,472135955",4,
2,16,648,449,3,4,
2,17,646,452,"3,605551275",4,
2,18,645,454,"2,236067977",4,
2,19,645,454,0,4,
2,20,644,455,"1,414213562",4,
2,21,644,454,1,4,
2,22,643,454,1,4,
2,23,642,455,"1,414213562",4,
2,24,642,455,0,4,
2,25,642,455,0,4,
2,26,643,454,"1,414213562",4,
2,27,645,453,"2,236067977",4,
2,28,648,451,"3,605551275",4,
2,29,649,448,"3,16227766",4,
2,30,648,449,"1,414213562",4,
2,31,647,450,"1,414213562",4,
2,32,645,456,"6,32455532",4,
2,33,645,460,4,4,
2,34,646,459,"1,414213562",4,
2,35,648,459,2,4,
2,36,653,454,"7,071067812",4,
2,37,655,444,"10,19803903",4,
2,38,656,443,"1,414213562",4,
2,39,654,445,"2,828427125",4,
2,40,652,449,"4,472135955",4,
2,41,652,451,2,4,
2,42,653,451,1,4,
2,43,655,452,"2,236067977",4,
2,44,658,448,5,4,
2,45,658,444,4,4,
2,46,655,444,3,4,
2,47,652,447,"4,242640687",4,
2,48,652,449,2,4,
2,49,655,450,"3,16227766",4,
2,50,659,449,"4,123105626",4,
2,51,664,442,"8,602325267",4,
2,52,666,436,"6,32455532",4,
2,53,668,437,"2,236067977",4,
2,54,669,437,1,4,
2,55,670,437,1,4,
2,56,671,435,"2,236067977",4,
2,57,670,436,"1,414213562",4,
2,58,669,435,"1,414213562",4,
2,59,669,437,2,4,
2,60,668,438,"1,414213562",4,
2,61,669,440,"2,236067977",4,
2,62,669,442,2,4,
2,63,669,442,0,4,
2,64,669,443,1,4,
2,65,669,443,0,4,
2,66,671,440,"3,605551275",4,
2,67,672,436,"4,123105626",4,
2,68,672,436,0,4,
2,69,673,437,"1,414213562",4,
2,70,674,437,1,4,
2,71,674,437,0,4,
2,72,676,437,2,4,
2,73,679,435,"3,605551275",4,
2,74,681,429,"6,32455532",4,
2,75,680,429,1,4,
2,76,678,433,"4,472135955",4,
2,77,678,434,1,4,
2,78,678,435,1,4,
2,79,680,435,2,4,
2,80,680,431,4,4,
2,81,679,425,"6,08276253",4,
2,82,677,424,"2,236067977",4,
2,83,676,425,"1,414213562",4,
2,84,679,426,"3,16227766",4,
2,85,682,425,"3,16227766",4,
2,86,683,425,1,4,
2,87,686,424,"3,16227766",4,
2,88,686,425,1,4,
2,89,687,425,1,4,
2,90,687,425,0,4,
2,91,687,424,1,4,
2,92,687,424,0,4,
2,93,687,424,0,4,
2,94,687,424,0,4,
2,95,684,429,"5,830951895",4,
2,96,685,429,1,4,
2,97,686,431,"2,236067977",4,
2,98,690,431,4,4,
2,99,697,422,"11,40175425",4,
2,100,704,410,"13,89244399",4,
2,101,704,407,3,4,
2,102,700,414,"8,062257748",4,
2,103,698,418,"4,472135955",4,
2,104,697,417,"1,414213562",4,
2,105,697,419,2,4,
2,106,697,418,1,4,
2,107,695,418,2,4,
2,108,693,420,"2,828427125",4,
2,109,690,423,"4,242640687",4,
2,110,689,425,"2,236067977",4,
2,111,690,425,1,4,
2,112,691,424,"1,414213562",4,
2,113,695,421,5,4,
2,114,696,419,"2,236067977",4,
2,115,695,421,"2,236067977",4,
2,116,695,421,0,4,
2,117,696,421,1,4,
2,118,698,421,2,4,
2,119,702,417,"5,656854249",4,
2,120,705,413,5,4,
2,121,707,409,"4,472135955",4,
2,122,705,409,2,4,
2,123,702,408,"3,16227766",4,
2,124,701,407,"1,414213562",4,
2,125,701,406,1,4,
2,126,701,406,0,4,
2,127,702,410,"4,123105626",4,
2,128,704,415,"5,385164807",4,
2,129,705,418,"3,16227766",4,
2,130,707,418,2,4,
2,131,709,413,"5,385164807",4,
2,132,712,403,"10,44030651",4,
2,133,712,398,5,4,
2,134,710,400,"2,828427125",4,
2,135,708,400,2,4,
2,136,706,400,2,4,
2,137,705,401,"1,414213562",4,
2,138,707,400,"2,236067977",4,
2,139,710,400,3,4,
2,140,711,401,"1,414213562",4,
2,141,709,405,"4,472135955",4,
2,142,705,407,"4,472135955",4,
2,143,703,406,"2,236067977",4,
2,144,703,408,2,4,
2,145,706,408,3,4,
2,146,711,404,"6,403124237",4,
2,147,714,398,"6,708203932",4,
2,148,713,399,"1,414213562",4,
2,149,712,402,"3,16227766",4,
2,150,712,401,1,4,
2,151,711,403,"2,236067977",4,
2,152,710,404,"1,414213562",4,
2,153,710,403,1,4,
2,154,709,403,1,4,
2,155,710,403,1,4,
2,156,711,404,"1,414213562",4,
2,157,713,400,"4,472135955",4,
2,158,713,400,0,4,
2,159,711,401,"2,236067977",4,
2,160,709,402,"2,236067977",4,
2,161,708,403,"1,414213562",4,
2,162,708,406,3,4,
2,163,710,406,2,4,
2,164,713,407,"3,16227766",4,
2,165,716,404,"4,242640687",4,
2,166,716,404,0,4,
2,167,716,395,9,4,
2,168,717,397,"2,236067977",4,
2,169,717,396,1,4,
2,170,718,396,1,4,
2,171,720,395,"2,236067977",4,
2,172,726,392,"6,708203932",4,
2,173,760,308,"90,62008607",4,
2,174,743,316,"18,78829423",4,
2,175,776,320,"33,24154028",4,
2,176,737,372,65,4,
2,177,737,309,63,4,
2,178,732,368,"59,21148537",4,
2,179,730,372,"4,472135955",4,
2,180,726,374,"4,472135955",4,
2,181,725,375,"1,414213562",4,
2,182,725,377,2,4,
2,183,725,379,2,4,
2,184,725,381,2,4,
2,185,726,381,1,4,
2,186,726,380,1,4,
2,187,728,378,"2,828427125",4,
2,188,730,369,"9,219544457",4,
2,189,729,371,"2,236067977",4,
2,190,729,375,4,4,
2,191,728,376,"1,414213562",4,
2,192,727,376,1,4,
2,193,726,378,"2,236067977",4,
2,194,726,382,4,4,
2,195,727,381,"1,414213562",4,
2,196,730,379,"3,605551275",4,
2,197,735,377,"5,385164807",4,
2,198,737,375,"2,828427125",4,
2,199,738,326,"49,01020302",4,
2,200,764,301,"36,06937759",4,
2,201,734,368,"73,40980861",4,
2,202,776,313,"69,20260111",4,
2,203,735,367,"67,80117993",4,
2,204,745,335,"33,52610923",4,
2,205,779,322,"36,40054945",4,
2,206,779,315,7,4,
2,207,766,293,"25,55386468",4,
2,208,776,301,"12,80624847",4,
2,209,739,369,"77,41446893",4,
2,210,780,323,"61,61980201",4,
2,211,772,299,"25,29822128",4,
2,212,743,374,"80,41144197",4,
2,213,711,524,"153,3753566",4,
2,214,716,517,"8,602325267",4,
2,215,742,359,"160,1249512",4,
2,216,741,354,"5,099019514",4,
2,217,741,351,3,4,
2,218,750,364,"15,8113883",4,
2,219,769,303,"63,89053138",4,
2,220,745,378,"78,74642849",4,
2,221,746,382,"4,123105626",4,
2,222,749,383,"3,16227766",4,
2,223,750,425,"42,01190308",4,
2,224,750,425,0,4,
2,225,752,382,"43,0464865",4,
2,226,752,374,8,4,
2,227,752,373,1,4,
2,228,751,374,"1,414213562",4,
2,229,751,370,4,4,
2,230,749,379,"9,219544457",4,
2,231,747,427,"48,0416486",4,
2,232,754,420,"9,899494937",4,
2,233,747,371,"49,49747468",4,
2,234,748,368,"3,16227766",4,
2,235,749,368,1,4,
2,236,751,372,"4,472135955",4,
2,237,750,364,"8,062257748",4,
2,238,750,366,2,4,
2,239,750,366,0,4,
2,240,753,365,"3,16227766",4,
2,241,755,364,"2,236067977",4,
2,242,756,365,"1,414213562",4,
2,243,756,363,2,4,
2,244,754,364,"2,236067977",4,
2,245,753,363,"1,414213562",4,
2,246,752,365,"2,236067977",4,
2,247,752,362,3,4,
2,248,753,364,"2,236067977",4,
2,249,758,366,"5,385164807",4,
2,250,764,369,"6,708203932",4,
2,251,771,370,"7,071067812",4,
2,252,772,369,"1,414213562",4,
2,253,765,412,"43,56604182",4,
2,254,761,436,"24,33105012",4,
2,255,760,437,"1,414213562",4,
2,256,762,415,"22,09072203",4,
2,257,763,414,"1,414213562",4,
2,258,760,495,"81,05553652",4,
2,259,761,433,"62,00806399",4,
2,260,760,440,"7,071067812",4,
2,261,762,416,"24,08318916",4,
2,262,766,368,"48,16637832",4,
2,263,763,420,"52,08646657",4,
2,264,766,367,"53,08483776",4,
2,265,765,368,"1,414213562",4,
2,266,764,369,"1,414213562",4,
2,267,765,373,"4,123105626",4,
2,268,766,372,"1,414213562",4,
2,269,766,373,1,4,
2,270,765,375,"2,236067977",4,
2,271,765,379,4,4,
2,272,766,381,"2,236067977",4,
2,273,766,388,7,4,
2,274,766,390,2,4,
2,275,765,394,"4,123105626",4,
2,276,765,386,8,4,
2,277,764,389,"3,16227766",4,
2,278,764,392,3,4,
2,279,763,389,"3,16227766",4,
2,280,763,391,2,4,
2,281,762,391,1,4,
2,282,763,376,"15,03329638",4,
2,283,763,367,9,4,
2,284,761,379,"12,16552506",4,
2,285,761,381,2,4,
2,286,762,376,"5,099019514",4,
2,287,761,388,"12,04159458",4,
2,288,759,405,"17,11724277",4,
2,289,761,401,"4,472135955",4,
2,290,759,403,"2,828427125",4,
2,291,759,404,1,4,
2,292,759,403,1,4,
2,293,759,404,1,4,
2,294,758,404,1,4,
2,295,758,403,1,4,
2,296,758,401,2,4,
2,297,762,385,"16,4924225",4,
2,298,760,392,"7,280109889",4,
2,299,761,387,"5,099019514",4,
3,0,587,432,0,4,
3,1,587,432,0,4,
3,2,585,431,2,4,
3,3,592,429,"7,280109889",4,
3,4,595,374,"55,08175742",4,
3,5,588,391,"18,38477631",4,
3,6,590,430,"39,05124838",4,
3,7,589,432,"2,236067977",4,
3,8,590,439,"7,071067812",4,
3,9,590,442,3,4,
3,10,587,443,"3,16227766",4,
3,11,576,437,"12,52996409",4,
3,12,573,440,"4,242640687",4,
3,13,569,442,"4,472135955",4,
3,14,566,444,"3,605551275",4,
3,15,565,445,"1,414213562",4,
3,16,566,446,"1,414213562",4,
3,17,567,447,"1,414213562",4,
3,18,567,447,0,4,
3,19,567,447,0,4,
3,20,569,447,2,4,
3,21,573,445,"4,472135955",4,
3,22,576,445,3,4,
3,23,575,446,"1,414213562",4,
3,24,573,447,"2,236067977",4,
3,25,570,452,"5,830951895",4,
3,26,569,454,"2,236067977",4,
3,27,569,454,0,4,
3,28,572,454,3,4,
3,29,577,452,"5,385164807",4,
3,30,578,452,1,4,
3,31,578,452,0,4,
3,32,580,449,"3,605551275",4,
3,33,583,445,5,4,
3,34,584,442,"3,16227766",4,
3,35,581,444,"3,605551275",4,
3,36,580,445,"1,414213562",4,
3,37,581,445,1,4,
3,38,581,448,3,4,
3,39,582,448,1,4,
3,40,583,448,1,4,
3,41,585,444,"4,472135955",4,
3,42,586,437,"7,071067812",4,
3,43,585,439,"2,236067977",4,
3,44,584,440,"1,414213562",4,
3,45,588,439,"4,123105626",4,
3,46,594,434,"7,810249676",4,
3,47,603,427,"11,40175425",4,
3,48,607,425,"4,472135955",4,
3,49,608,425,1,4,
3,50,608,425,0,4,
3,51,607,426,"1,414213562",4,
3,52,607,427,1,4,
3,53,605,427,2,4,
3,54,603,428,"2,236067977",4,
3,55,603,430,2,4,
3,56,603,430,0,4,
3,57,603,430,0,4,
3,58,603,432,2,4,
3,59,602,433,"1,414213562",4,
3,60,602,434,1,4,
3,61,603,435,"1,414213562",4,
3,62,603,435,0,4,
3,63,605,432,"3,605551275",4,
3,64,605,431,1,4,
3,65,605,431,0,4,
3,66,607,432,"2,236067977",4,
3,67,606,433,"1,414213562",4,
3,68,606,433,0,4,
3,69,609,431,"3,605551275",4,
3,70,611,428,"3,605551275",4,
3,71,612,428,1,4,
3,72,610,429,"2,236067977",4,
3,73,610,430,1,4,
3,74,612,431,"2,236067977",4,
3,75,615,431,3,4,
3,76,620,426,"7,071067812",4,
3,77,622,423,"3,605551275",4,
3,78,618,427,"5,656854249",4,
3,79,613,432,"7,071067812",4,
3,80,614,431,"1,414213562",4,
3,81,616,430,"2,236067977",4,
3,82,618,428,"2,828427125",4,
3,83,617,426,"2,236067977",4,
3,84,614,429,"4,242640687",4,
3,85,611,432,"4,242640687",4,
3,86,612,433,"1,414213562",4,
3,87,615,433,3,4,
3,88,615,433,0,4,
3,89,627,426,"13,89244399",4,
3,90,639,418,"14,4222051",4,
3,91,639,418,0,4,
3,92,639,418,0,4,
3,93,639,418,0,4,
3,94,633,423,"7,810249676",4,
3,95,632,422,"1,414213562",4,
3,96,633,426,"4,123105626",4,
3,97,633,431,5,4,
3,98,632,434,"3,16227766",4,
3,99,632,435,1,4,
3,100,633,435,1,4,
3,101,633,435,0,4,
3,102,634,424,"11,04536102",4,
3,103,633,421,"3,16227766",4,
3,104,633,423,2,4,
3,105,633,424,1,4,
3,106,633,424,0,4,
3,107,637,422,"4,472135955",4,
3,108,638,421,"1,414213562",4,
3,109,638,423,2,4,
3,110,635,426,"4,242640687",4,
3,111,632,427,"3,16227766",4,
3,112,633,427,1,4,
3,113,637,426,"4,123105626",4,
3,114,642,421,"7,071067812",4,
3,115,642,420,1,4,
3,116,639,422,"3,605551275",4,
3,117,639,423,1,4,
3,118,640,421,"2,236067977",4,
3,119,642,424,"3,605551275",4,
3,120,646,422,"4,472135955",4,
3,121,645,421,"1,414213562",4,
3,122,645,419,2,4,
3,123,643,420,"2,236067977",4,
3,124,643,422,2,4,
3,125,645,422,2,4,
3,126,651,421,"6,08276253",4,
3,127,660,413,"12,04159458",4,
3,128,665,409,"6,403124237",4,
3,129,662,412,"4,242640687",4,
3,130,659,414,"3,605551275",4,
3,131,659,413,1,4,
3,132,658,414,"1,414213562",4,
3,133,657,414,1,4,
3,134,657,414,0,4,
3,135,658,416,"2,236067977",4,
3,136,657,420,"4,123105626",4,
3,137,655,423,"3,605551275",4,
3,138,654,422,"1,414213562",4,
3,139,650,423,"4,123105626",4,
3,140,649,421,"2,236067977",4,
3,141,659,411,"14,14213562",4,
3,142,659,411,0,4,
3,143,661,408,"3,605551275",4,
3,144,658,409,"3,16227766",4,
3,145,655,410,"3,16227766",4,
3,146,658,410,3,4,
3,147,663,408,"5,385164807",4,
3,148,667,407,"4,123105626",4,
3,149,666,409,"2,236067977",4,
3,150,665,410,"1,414213562",4,
3,151,664,410,1,4,
3,152,664,411,1,4,
3,153,662,411,2,4,
3,154,660,411,2,4,
3,155,659,412,"1,414213562",4,
3,156,659,415,3,4,
3,157,660,415,1,4,
3,158,662,414,"2,236067977",4,
3,159,663,413,"1,414213562",4,
3,160,663,414,1,4,
3,161,663,415,1,4,
3,162,665,415,2,4,
3,163,668,415,3,4,
3,164,671,410,"5,830951895",4,
3,165,676,405,"7,071067812",4,
3,166,680,403,"4,472135955",4,
3,167,680,402,1,4,
3,168,679,401,"1,414213562",4,
3,169,678,400,"1,414213562",4,
3,170,675,401,"3,16227766",4,
3,171,673,402,"2,236067977",4,
3,172,673,402,0,4,
3,173,673,404,2,4,
3,174,673,406,2,4,
3,175,673,408,2,4,
3,176,675,410,"2,828427125",4,
3,177,680,412,"5,385164807",4,
3,178,684,410,"4,472135955",4,
3,179,682,408,"2,828427125",4,
3,180,677,408,5,4,
3,181,675,410,"2,828427125",4,
3,182,676,410,1,4,
3,183,678,411,"2,236067977",4,
3,184,680,412,"2,236067977",4,
3,185,681,409,"3,16227766",4,
3,186,680,408,"1,414213562",4,
3,187,677,408,3,4,
3,188,675,410,"2,828427125",4,
3,189,676,411,"1,414213562",4,
3,190,678,412,"2,236067977",4,
3,191,682,414,"4,472135955",4,
3,192,689,410,"8,062257748",4,
3,193,697,404,10,4,
3,194,703,397,"9,219544457",4,
3,195,705,391,"6,32455532",4,
3,196,706,388,"3,16227766",4,
3,197,704,386,"2,828427125",4,
3,198,700,384,"4,472135955",4,
3,199,697,386,"3,605551275",4,
3,200,696,386,1,4,
3,201,694,385,"2,236067977",4,
3,202,693,385,1,4,
3,203,696,383,"3,605551275",4,
3,204,694,390,"7,280109889",4,
3,205,694,394,4,4,
3,206,697,395,"3,16227766",4,
3,207,698,394,"1,414213562",4,
3,208,699,390,"4,123105626",4,
3,209,694,389,"5,099019514",4,
3,210,693,385,"4,123105626",4,
3,211,693,389,4,4,
3,212,694,392,"3,16227766",4,
3,213,702,390,"8,246211251",4,
3,214,708,386,"7,211102551",4,
3,215,709,386,1,4,
3,216,707,387,"2,236067977",4,
3,217,707,386,1,4,
3,218,710,382,5,4,
3,219,707,390,"8,544003745",4,
3,220,709,391,"2,236067977",4,
3,221,712,393,"3,605551275",4,
3,222,715,392,"3,16227766",4,
3,223,715,389,3,4,
3,224,714,387,"2,236067977",4,
3,225,714,387,0,4,
3,226,714,389,2,4,
3,227,714,392,3,4,
3,228,717,392,3,4,
3,229,721,387,"6,403124237",4,
3,230,722,385,"2,236067977",4,
3,231,720,272,"113,0176977",4,
3,232,715,299,"27,45906044",4,
3,233,725,380,"81,61494961",4,
3,234,717,310,"70,45565982",4,
3,235,717,308,2,4,
3,236,724,380,"72,33947747",4,
3,237,722,389,"9,219544457",4,
3,238,721,387,"2,236067977",4,
3,239,719,391,"4,472135955",4,
3,240,721,390,"2,236067977",4,
3,241,721,391,1,4,
3,242,722,392,"1,414213562",4,
3,243,722,392,0,4,
3,244,725,393,"3,16227766",4,
3,245,722,319,"74,06078585",4,
3,246,727,235,"84,14867795",4,
3,247,728,267,"32,01562119",4,
3,248,729,389,"122,0040983",4,
3,249,740,227,"162,3730273",4,
3,250,719,314,"89,49860334",4,
3,251,722,390,"76,05918748",4,
3,252,723,389,"1,414213562",4,
3,253,741,232,"158,0284784",4,
3,254,722,303,"73,4982993",4,
3,255,741,232,"73,4982993",4,
3,256,730,298,"66,91038783",4,
3,257,735,212,"86,14522622",4,
3,258,731,306,"94,08506789",4,
3,259,734,262,"44,10215414",4,
3,260,739,228,"34,36568055",4,
3,261,736,384,"156,0288435",4,
3,262,735,384,1,4,
3,263,733,377,"7,280109889",4,
3,264,728,365,13,4,
3,265,727,376,"11,04536102",4,
3,266,728,383,"7,071067812",4,
3,267,730,390,"7,280109889",4,
3,268,733,374,"16,2788206",4,
3,269,725,315,"59,53990259",4,
3,270,731,236,"79,22752047",4,
3,271,726,323,"87,14355972",4,
3,272,737,398,"75,80237463",4,
3,273,732,320,"78,16009212",4,
3,274,741,387,"67,60177512",4,
3,275,741,385,2,4,
3,276,710,355,"43,13930922",4,
3,277,709,346,"9,055385138",4,
3,278,712,359,"13,34166406",4,
3,279,709,362,"4,242640687",4,
3,280,718,374,15,4,
3,281,701,362,"20,80865205",4,
3,282,697,364,"4,472135955",4,
3,283,694,365,"3,16227766",4,
3,284,693,363,"2,236067977",4,
3,285,690,361,"3,605551275",4,
3,286,691,362,"1,414213562",4,
3,287,665,502,"142,3938201",4,
3,288,662,504,"3,605551275",4,
3,289,662,506,2,4,
3,290,665,508,"3,605551275",4,
3,291,664,509,"1,414213562",4,
3,292,664,512,3,4,
3,293,664,514,2,4,
3,294,661,517,"4,242640687",4,
3,295,663,516,"2,236067977",4,
3,296,673,367,"149,3351934",4,
3,297,661,516,"149,4824404",4,
3,298,659,518,"2,828427125",4,
3,299,659,517,1,4,
3,300,790,221,"323,6927556",4,
3,301,788,219,"2,828427125",4,
4,0,538,502,0,4,
4,1,537,503,"1,414213562",4,
4,2,537,503,3,4,
4,3,537,503,0,4,
4,4,539,501,"2,828427125",4,
4,5,539,501,0,4,
4,6,536,497,5,4,
4,7,537,496,"1,414213562",4,
4,8,539,495,"2,236067977",4,
4,9,540,494,"1,414213562",4,
4,10,547,496,"7,280109889",4,
4,11,553,492,"7,211102551",4,
4,12,555,489,"3,605551275",4,
4,13,555,489,0,4,
4,14,555,488,1,4,
4,15,555,489,1,4,
4,16,556,489,1,4,
4,17,555,488,"1,414213562",4,
4,18,555,488,0,4,
4,19,553,486,"2,828427125",4,
4,20,553,484,2,4,
4,21,557,486,"4,472135955",4,
4,22,556,488,"2,236067977",4,
4,23,554,489,"2,236067977",4,
4,24,553,490,"1,414213562",4,
4,25,550,491,"3,16227766",4,
4,26,543,491,7,4,
4,27,540,492,"3,16227766",4,
4,28,538,493,"2,236067977",4,
4,29,539,493,1,4,
4,30,543,492,"4,123105626",4,
4,31,548,493,"5,099019514",4,
4,32,550,493,2,4,
4,33,551,491,"2,236067977",4,
4,34,552,490,"1,414213562",4,
4,35,554,490,2,4,
4,36,556,491,"2,236067977",4,
4,37,556,491,0,4,
4,38,557,491,1,4,
4,39,557,492,1,4,
4,40,557,492,0,4,
4,41,557,493,1,4,
4,42,557,493,0,4,
4,43,556,495,"2,236067977",4,
4,44,555,496,"1,414213562",4,
4,45,555,497,1,4,
4,46,555,498,1,4,
4,47,552,500,"3,605551275",4,
4,48,549,502,"3,605551275",4,
4,49,546,504,"3,605551275",4,
4,50,546,505,1,4,
4,51,546,504,1,4,
4,52,546,505,1,4,
4,53,546,505,0,4,
4,54,546,505,0,4,
4,55,546,506,1,4,
4,56,545,506,1,4,
4,57,545,506,0,4,
4,58,547,506,2,4,
4,59,552,503,"5,830951895",4,
4,60,554,503,2,4,
4,61,553,504,"1,414213562",4,
4,62,550,508,5,4,
4,63,546,513,"6,403124237",4,
4,64,547,513,1,4,
4,65,549,512,"2,236067977",4,
4,66,554,511,"5,099019514",4,
4,67,557,508,"4,242640687",4,
4,68,560,507,"3,16227766",4,
4,69,564,503,"5,656854249",4,
4,70,566,500,"3,605551275",4,
4,71,565,499,"1,414213562",4,
4,72,564,500,"1,414213562",4,
4,73,563,501,"1,414213562",4,
4,74,563,502,1,4,
4,75,562,503,"1,414213562",4,
4,76,563,502,"1,414213562",4,
4,77,566,500,"3,605551275",4,
4,78,566,499,1,4,
4,79,561,501,"5,385164807",4,
4,80,557,506,"6,403124237",4,
4,81,557,506,0,4,
4,82,557,506,0,4,
4,83,569,501,13,4,
4,84,574,496,"7,071067812",4,
4,85,579,493,"5,830951895",4,
4,86,582,491,"3,605551275",4,
4,87,580,493,"2,828427125",4,
4,88,581,493,1,4,
4,89,581,493,0,4,
4,90,585,489,"5,656854249",4,
4,91,582,486,"4,242640687",4,
4,92,582,486,0,4,
4,93,582,485,1,4,
4,94,584,487,"2,828427125",4,
4,95,583,488,"1,414213562",4,
4,96,583,486,2,4,
4,97,581,488,"2,828427125",4,
4,98,577,488,4,4,
4,99,578,490,"2,236067977",4,
4,100,577,489,"1,414213562",4,
4,101,577,489,0,4,
4,102,579,489,2,4,
4,103,579,488,1,4,
4,104,578,488,1,4,
4,105,579,488,1,4,
4,106,579,489,1,4,
4,107,579,489,0,4,
4,108,577,487,"2,828427125",4,
4,109,578,487,1,4,
4,110,579,489,"2,236067977",4,
4,111,578,488,"1,414213562",4,
4,112,579,489,"1,414213562",4,
4,113,579,489,0,4,
4,114,579,489,0,4,
4,115,578,488,"1,414213562",4,
4,116,580,489,"2,236067977",4,
4,117,580,489,0,4,
4,118,580,490,1,4,
4,119,577,489,"3,16227766",4,
4,120,578,489,1,4,
4,121,578,490,1,4,
4,122,580,488,"2,828427125",4,
4,123,583,484,5,4,
4,124,582,485,"1,414213562",4,
4,125,583,486,"1,414213562",4,
4,126,583,487,1,4,
4,127,583,488,1,4,
4,128,586,488,3,4,
4,129,588,482,"6,32455532",4,
4,130,589,481,"1,414213562",4,
4,131,588,483,"2,236067977",4,
4,132,588,484,1,4,
4,133,589,485,"1,414213562",4,
4,134,592,485,3,4,
4,135,597,481,"6,403124237",4,
4,136,597,481,0,4,
4,137,600,477,5,4,
4,138,597,480,"4,242640687",4,
4,139,592,483,"5,830951895",4,
4,140,594,482,"2,236067977",4,
4,141,593,482,1,4,
4,142,596,482,3,4,
4,143,599,479,"4,242640687",4,
4,144,599,478,1,4,
4,145,597,479,"2,236067977",4,
4,146,595,480,"2,236067977",4,
4,147,594,484,"4,123105626",4,
4,148,595,484,1,4,
4,149,597,483,"2,236067977",4,
4,150,600,482,"3,16227766",4,
4,151,605,478,"6,403124237",4,
4,152,611,473,"7,810249676",4,
4,153,619,467,10,4,
4,154,623,461,"7,211102551",4,
4,155,630,455,"9,219544457",4,
4,156,637,448,"9,899494937",4,
4,157,644,437,"13,03840481",4,
4,158,645,428,"9,055385138",4,
4,159,645,428,0,4,
4,160,648,413,"15,29705854",4,
4,161,651,400,"13,34166406",4,
4,162,656,387,"13,92838828",4,
4,163,654,387,2,4,
4,164,651,394,"7,615773106",4,
4,165,649,400,"6,32455532",4,
4,166,647,409,"9,219544457",4,
4,167,643,424,"15,5241747",4,
4,168,640,434,"10,44030651",4,
4,169,641,435,"1,414213562",4,
4,170,640,436,"1,414213562",4,
4,171,638,440,"4,472135955",4,
4,172,636,442,"2,828427125",4,
4,173,642,438,"7,211102551",4,
4,174,648,427,"12,52996409",4,
4,175,634,445,"22,8035085",4,
4,176,633,447,"2,236067977",4,
4,177,632,447,1,4,
4,178,631,448,"1,414213562",4,
4,179,630,449,"1,414213562",4,
4,180,632,448,"2,236067977",4,
4,181,630,449,"2,236067977",4,
4,182,630,449,0,4,
4,183,630,450,1,4,
4,184,630,449,1,4,
4,185,630,447,2,4,
4,186,629,450,"3,16227766",4,
4,187,630,449,"1,414213562",4,
4,188,630,448,1,4,
4,189,630,449,1,4,
4,190,629,450,"1,414213562",4,
4,191,626,452,"3,605551275",4,
4,192,625,453,"1,414213562",4,
4,193,625,454,1,4,
4,194,626,454,1,4,
4,195,626,453,1,4,
4,196,626,455,2,4,
4,197,626,455,0,4,
4,198,626,455,0,4,
4,199,626,456,1,4,
4,200,626,461,5,4,
4,201,627,461,1,4,
4,202,628,460,"1,414213562",4,
4,203,627,460,1,4,
4,204,626,455,"5,099019514",4,
4,205,626,452,3,4,
4,206,630,447,"6,403124237",4,
4,207,633,445,"3,605551275",4,
4,208,634,446,"1,414213562",4,
4,209,633,451,"5,099019514",4,
4,210,630,454,"4,242640687",4,
4,211,628,455,"2,236067977",4,
4,212,629,454,"1,414213562",4,
4,213,631,453,"2,236067977",4,
4,214,640,443,"13,45362405",4,
4,215,647,437,"9,219544457",4,
4,216,652,437,5,4,
4,217,659,429,"10,63014581",4,
4,218,655,429,4,4,
4,219,649,433,"7,211102551",4,
4,220,644,436,"5,830951895",4,
4,221,639,441,"7,071067812",4,
4,222,637,443,"2,828427125",4,
4,223,635,444,"2,236067977",4,
4,224,633,450,"6,32455532",4,
4,225,635,448,"2,828427125",4,
4,226,638,446,"3,605551275",4,
4,227,640,443,"3,605551275",4,
4,228,637,443,3,4,
4,229,635,442,"2,236067977",4,
4,230,634,443,"1,414213562",4,
4,231,637,442,"3,16227766",4,
4,232,643,441,"6,08276253",4,
4,233,650,436,"8,602325267",4,
4,234,656,433,"6,708203932",4,
4,235,660,432,"4,123105626",4,
4,236,662,431,"2,236067977",4,
4,237,660,434,"3,605551275",4,
4,238,659,433,"1,414213562",4,
4,239,657,433,2,4,
4,240,658,432,"1,414213562",4,
4,241,657,436,"4,123105626",4,
4,242,658,442,"6,08276253",4,
4,243,657,447,"5,099019514",4,
4,244,654,446,"3,16227766",4,
4,245,650,450,"5,656854249",4,
4,246,647,446,5,4,
4,247,645,451,"5,385164807",4,
4,248,650,443,"9,433981132",4,
4,249,656,436,"9,219544457",4,
4,250,658,433,"3,605551275",4,
4,251,653,430,"5,830951895",4,
4,252,649,436,"7,211102551",4,
4,253,650,434,"2,236067977",4,
4,254,649,436,"2,236067977",4,
4,255,650,436,1,4,
4,256,655,432,"6,403124237",4,
4,257,665,427,"11,18033989",4,
4,258,671,427,6,4,
4,259,670,430,"3,16227766",4,
4,260,665,434,"6,403124237",4,
4,261,662,435,"3,16227766",4,
4,262,661,435,1,4,
4,263,662,436,"1,414213562",4,
4,264,663,436,1,4,
4,265,665,434,"2,828427125",4,
4,266,666,432,"2,236067977",4,
4,267,666,432,0,4,
4,268,664,432,2,4,
4,269,661,433,"3,16227766",4,
4,270,660,435,"2,236067977",4,
4,271,660,436,1,4,
4,272,660,435,1,4,
4,273,660,435,0,4,
4,274,660,435,0,4,
4,275,660,436,1,4,
4,276,659,436,1,4,
4,277,658,438,"2,236067977",4,
4,278,657,441,"3,16227766",4,
4,279,659,440,"2,236067977",4,
4,280,662,438,"3,605551275",4,
4,281,665,434,5,4,
4,282,665,432,2,4,
4,283,664,433,"1,414213562",4,
4,284,665,434,"1,414213562",4,
4,285,666,436,"2,236067977",4,
4,286,669,435,"3,16227766",4,
4,287,671,435,2,4,
4,288,675,432,5,4,
4,289,676,426,"6,08276253",4,
4,290,676,421,5,4,
4,291,674,418,"3,605551275",4,
4,292,670,417,"4,123105626",4,
4,293,669,418,"1,414213562",4,
4,294,669,419,1,4,
4,295,670,421,"2,236067977",4,
4,296,671,422,"1,414213562",4,
4,297,672,427,"5,099019514",4,
4,298,671,434,"7,071067812",4,
4,299,673,436,"2,828427125",4,
5,0,597,485,0,4,
5,1,596,484,"1,414213562",4,
5,2,591,484,5,4,
5,3,591,484,0,4,
5,4,591,484,4,4,
5,5,588,483,"3,16227766",4,
5,6,587,481,"2,236067977",4,
5,7,587,479,2,4,
5,8,586,478,"1,414213562",4,
5,9,587,475,"3,16227766",4,
5,10,588,472,"3,16227766",4,
5,11,587,472,1,4,
5,12,584,472,3,4,
5,13,584,472,0,4,
5,14,581,474,"3,605551275",4,
5,15,582,474,1,4,
5,16,577,476,"5,385164807",4,
5,17,575,478,"2,828427125",4,
5,18,574,478,1,4,
5,19,574,480,2,4,
5,20,573,481,"1,414213562",4,
5,21,571,481,2,4,
5,22,570,480,"1,414213562",4,
5,23,573,484,5,4,
5,24,573,484,0,4,
5,25,574,484,1,4,
5,26,576,485,"2,236067977",4,
5,27,579,488,"4,242640687",4,
5,28,579,488,0,4,
5,29,583,490,"4,472135955",4,
5,30,580,491,"3,16227766",4,
5,31,580,493,2,4,
5,32,579,494,"1,414213562",4,
5,33,581,495,"2,236067977",4,
5,34,579,495,2,4,
5,35,583,494,"4,123105626",4,
5,36,591,490,"8,94427191",4,
5,37,599,484,10,4,
5,38,603,481,5,4,
5,39,609,478,"6,708203932",4,
5,40,611,476,"2,828427125",4,
5,41,611,476,0,4,
5,42,611,476,0,4,
5,43,611,476,0,4,
5,44,608,477,"3,16227766",4,
5,45,605,476,"3,16227766",4,
5,46,602,472,5,4,
5,47,599,466,"6,708203932",4,
5,48,590,467,"9,055385138",4,
5,49,583,469,"7,280109889",4,
5,50,579,473,"5,656854249",4,
5,51,577,476,"3,605551275",4,
5,52,575,477,"2,236067977",4,
5,53,573,480,"3,605551275",4,
5,54,571,479,"2,236067977",4,
5,55,570,480,"1,414213562",4,
5,56,569,481,"1,414213562",4,
5,57,570,481,1,4,
5,58,570,483,2,4,
5,59,575,481,"5,385164807",4,
5,60,587,473,"14,4222051",4,
5,61,599,466,"13,89244399",4,
5,62,605,462,"7,211102551",4,
5,63,604,463,"1,414213562",4,
5,64,605,462,"1,414213562",4,
5,65,607,462,2,4,
5,66,606,462,1,4,
5,67,607,462,1,4,
5,68,609,463,"2,236067977",4,
5,69,611,466,"3,605551275",4,
5,70,611,469,3,4,
5,71,612,470,"1,414213562",4,
5,72,614,471,"2,236067977",4,
5,73,614,473,2,4,
5,74,613,474,"1,414213562",4,
5,75,614,475,"1,414213562",4,
5,76,619,475,5,4,
5,77,615,478,5,4,
5,78,616,475,"3,16227766",4,
5,79,623,465,"12,20655562",4,
5,80,630,450,"16,55294536",4,
5,81,633,439,"11,40175425",4,
5,82,639,426,"14,31782106",4,
5,83,648,407,"21,02379604",4,
5,84,655,404,"7,615773106",4,
5,85,655,404,0,4,
5,86,661,411,"9,219544457",4,
5,87,664,417,"6,708203932",4,
5,88,664,417,0,4,
5,89,665,400,"17,02938637",4,
5,90,663,397,"3,605551275",4,
5,91,665,398,"2,236067977",4,
5,92,661,406,"8,94427191",4,
5,93,660,410,"4,123105626",4,
5,94,657,413,"4,242640687",4,
5,95,656,407,"6,08276253",4,
5,96,656,414,7,4,
5,97,656,407,7,4,
5,98,655,407,1,4,
5,99,655,407,0,4,
5,100,655,407,0,4,
5,101,651,424,"17,4642492",4,
5,102,648,426,"3,605551275",4,
5,103,647,431,"5,099019514",4,
5,104,644,435,5,4,
5,105,643,442,"7,071067812",4,
5,106,643,443,1,4,
5,107,643,447,4,4,
5,108,640,450,"4,242640687",4,
5,109,641,451,"1,414213562",4,
5,110,643,452,"2,236067977",4,
5,111,647,449,5,4,
5,112,650,447,"3,605551275",4,
5,113,654,444,5,4,
5,114,660,439,"7,810249676",4,
5,115,664,435,"5,656854249",4,
5,116,668,430,"6,403124237",4,
5,117,672,423,"8,062257748",4,
5,118,674,419,"4,472135955",4,
5,119,676,415,"4,472135955",4,
5,120,676,411,4,4,
5,121,675,409,"2,236067977",4,
5,122,672,409,3,4,
5,123,672,409,0,4,
5,124,658,414,"14,86606875",4,
5,125,656,416,"2,828427125",4,
5,126,651,422,"7,810249676",4,
5,127,651,422,0,4,
5,128,643,433,"13,60147051",4,
5,129,642,438,"5,099019514",4,
5,130,642,445,7,4,
5,131,645,444,"3,16227766",4,
5,132,653,437,"10,63014581",4,
5,133,661,426,"13,60147051",4,
5,134,672,412,"17,80449381",4,
5,135,682,402,"14,14213562",4,
5,136,682,402,0,4,
5,137,697,392,"18,02775638",4,
5,138,701,384,"8,94427191",4,
5,139,704,378,"6,708203932",4,
5,140,702,380,"2,828427125",4,
5,141,701,381,"1,414213562",4,
5,142,701,380,1,4,
5,143,703,375,"5,385164807",4,
5,144,707,371,"5,656854249",4,
5,145,709,366,"5,385164807",4,
5,146,712,364,"3,605551275",4,
5,147,712,364,0,4,
5,148,711,360,"4,123105626",4,
5,149,707,361,"4,123105626",4,
5,150,706,363,"2,236067977",4,
5,151,706,364,1,4,
5,152,706,365,1,4,
5,153,707,364,"1,414213562",4,
5,154,709,361,"3,605551275",4,
5,155,713,359,"4,472135955",4,
5,156,717,355,"5,656854249",4,
5,157,719,346,"9,219544457",4,
5,158,719,351,5,4,
5,159,719,347,4,4,
5,160,719,353,6,4,
5,161,718,355,"2,236067977",4,
5,162,718,362,7,4,
5,163,717,370,"8,062257748",4,
5,164,717,379,9,4,
5,165,717,383,4,4,
5,166,718,382,"1,414213562",4,
5,167,718,383,1,4,
5,168,718,383,0,4,
5,169,717,383,1,4,
5,170,718,383,1,4,
5,171,719,377,"6,08276253",4,
5,172,720,380,"3,16227766",4,
5,173,727,341,"39,62322551",4,
5,174,738,326,"18,60107524",4,
5,175,741,329,"4,242640687",4,
5,176,744,334,"5,830951895",4,
5,177,745,333,"1,414213562",4,
5,178,748,325,"8,544003745",4,
5,179,750,330,"5,385164807",4,
5,180,751,324,"6,08276253",4,
5,181,752,319,"5,099019514",4,
5,182,754,297,"22,09072203",4,
5,183,761,301,"8,062257748",4,
5,184,763,358,"57,03507693",4,
5,185,765,323,"35,05709629",4,
5,186,765,320,3,4,
5,187,763,300,"20,09975124",4,
5,188,736,319,"33,01514804",4,
5,189,737,312,"7,071067812",4,
5,190,736,303,"9,055385138",4,
5,191,750,312,"16,64331698",4,
5,192,745,333,"21,58703314",4,
5,193,737,335,"8,246211251",4,
5,194,732,335,5,4,
5,195,730,335,2,4,
5,196,728,335,2,4,
5,197,726,334,"2,236067977",4,
5,198,725,330,"4,123105626",4,
5,199,724,329,"1,414213562",4,
5,200,724,335,6,4,
5,201,720,311,"24,33105012",4,
5,202,724,303,"8,94427191",4,
5,203,732,283,"21,54065923",4,
5,204,742,302,"21,47091055",4,
5,205,749,307,"8,602325267",4,
5,206,752,304,"4,242640687",4,
5,207,755,303,"3,16227766",4,
5,208,760,320,"17,72004515",4,
5,209,762,321,"2,236067977",4,
5,210,762,319,2,4,
5,211,764,312,"7,280109889",4,
5,212,750,320,"16,1245155",4,
5,213,760,316,"10,77032961",4,
5,214,740,341,"32,01562119",4,
5,215,725,307,"37,16180835",4,
5,216,711,322,"20,51828453",4,
5,217,706,382,"60,20797289",4,
5,218,693,390,"15,26433752",4,
5,219,679,405,"20,51828453",4,
5,220,670,416,"14,2126704",4,
5,221,660,433,"19,72308292",4,
5,222,666,425,10,4,
5,223,667,425,1,4,
5,224,665,426,"2,236067977",4,
5,225,663,431,"5,385164807",4,
5,226,661,433,"2,828427125",4,
5,227,659,437,"4,472135955",4,
5,228,659,436,1,4,
5,229,660,435,"1,414213562",4,
5,230,660,436,1,4,
5,231,659,436,1,4,
5,232,664,435,"5,099019514",4,
5,233,666,434,"2,236067977",4,
5,234,669,432,"3,605551275",4,
5,235,673,428,"5,656854249",4,
5,236,678,424,"6,403124237",4,
5,237,679,418,"6,08276253",4,
5,238,679,417,1,4,
5,239,679,414,3,4,
5,240,680,415,"1,414213562",4,
5,241,682,412,"3,605551275",4,
5,242,682,408,4,4,
5,243,679,406,"3,605551275",4,
5,244,677,407,"2,236067977",4,
5,245,672,406,"5,099019514",4,
5,246,669,411,"5,830951895",4,
5,247,666,413,"3,605551275",4,
5,248,664,416,"3,605551275",4,
5,249,664,415,1,4,
5,250,664,413,2,4,
5,251,665,415,"2,236067977",4,
5,252,667,417,"2,828427125",4,
5,253,667,416,1,4,
5,254,668,417,"1,414213562",4,
5,255,668,417,0,4,
5,256,668,417,0,4,
5,257,670,418,"2,236067977",4,
5,258,672,414,"4,472135955",4,
5,259,673,409,"5,099019514",4,
5,260,673,407,2,4,
5,261,673,406,1,4,
5,262,674,408,"2,236067977",4,
5,263,674,408,0,4,
5,264,675,408,1,4,
5,265,676,409,"1,414213562",4,
5,266,677,410,"1,414213562",4,
5,267,677,413,3,4,
5,268,678,416,"3,16227766",4,
5,269,679,416,1,4,
5,270,674,419,"5,830951895",4,
5,271,669,430,"12,08304597",4,
5,272,662,445,"16,55294536",4,
5,273,653,472,"28,46049894",4,
5,274,635,499,"32,44996148",4,
5,275,621,513,"19,79898987",4,
5,276,625,517,"5,656854249",4,
5,277,627,517,2,4,
5,278,626,512,"5,099019514",4,
5,279,627,506,"6,08276253",4,
5,280,630,500,"6,708203932",4,
5,281,628,495,"5,385164807",4,
5,282,626,491,"4,472135955",4,
5,283,622,490,"4,123105626",4,
5,284,619,491,"3,16227766",4,
5,285,615,493,"4,472135955",4,
5,286,615,494,1,4,
5,287,617,494,2,4,
5,288,619,492,"2,828427125",4,
5,289,621,490,"2,828427125",4,
5,290,621,487,3,4,
5,291,622,485,"2,236067977",4,
5,292,623,483,"2,236067977",4,
5,293,624,481,"2,236067977",4,
5,294,624,482,1,4,
5,295,624,481,1,4,
5,296,624,483,2,4,
5,297,624,482,1,4,
5,298,625,482,1,4,
5,299,626,482,1,4,
5,300,639,472,"16,40121947",4,
6,0,640,511,0,5,
6,1,637,503,"8,544003745",5,
6,2,640,513,"10,44030651",5,
6,3,640,515,2,5,
6,4,643,513,"3,605551275",5,
6,5,642,508,5,5,
6,6,641,515,"7,071067812",5,
6,7,640,516,"1,414213562",5,
6,8,642,514,"2,828427125",5,
6,9,643,511,"3,16227766",5,
6,10,643,507,4,5,
6,11,639,493,"14,56021978",5,
6,12,637,493,2,5,
6,13,636,494,"1,414213562",5,
6,14,639,509,"15,29705854",5,
6,15,637,510,"2,236067977",5,
6,16,635,513,"3,605551275",5,
6,17,634,513,1,5,
6,18,632,515,"2,828427125",5,
6,19,631,515,1,5,
6,20,631,512,3,5,
6,21,632,510,"2,236067977",5,
6,22,636,503,"8,062257748",5,
6,23,641,492,"12,08304597",5,
6,24,644,479,"13,34166406",5,
6,25,645,465,"14,03566885",5,
6,26,645,460,5,5,
6,27,640,436,"24,51530134",5,
6,28,641,453,"17,02938637",5,
6,29,630,441,"16,2788206",5,
6,30,617,441,13,5,
6,31,626,441,9,5,
6,32,626,441,0,5,
6,33,635,464,"24,69817807",5,
6,34,637,470,"6,32455532",5,
6,35,637,472,2,5,
6,36,635,470,"2,828427125",5,
6,37,638,469,"3,16227766",5,
6,38,635,472,"4,242640687",5,
6,39,635,472,0,5,
6,40,634,473,"1,414213562",5,
6,41,634,475,2,5,
6,42,635,475,1,5,
6,43,637,477,"2,828427125",5,
6,44,640,482,"5,830951895",5,
6,45,638,490,"8,246211251",5,
6,46,640,494,"4,472135955",5,
6,47,641,499,"5,099019514",5,
6,48,640,501,"2,236067977",5,
6,49,641,509,"8,062257748",5,
6,50,641,511,2,5,
6,51,642,513,"2,236067977",5,
6,52,642,515,2,5,
6,53,643,517,"2,236067977",5,
6,54,651,510,"10,63014581",5,
6,55,663,503,"13,89244399",5,
6,56,675,495,"14,4222051",5,
6,57,682,493,"7,280109889",5,
6,58,683,491,"2,236067977",5,
6,59,685,490,"2,236067977",5,
6,60,685,491,1,5,
6,61,685,490,1,5,
6,62,687,491,"2,236067977",5,
6,63,689,489,"2,828427125",5,
6,64,692,488,"3,16227766",5,
6,65,695,485,"4,242640687",5,
6,66,695,486,1,5,
6,67,695,486,0,5,
6,68,695,485,1,5,
6,69,694,486,"1,414213562",5,
6,70,695,483,"3,16227766",5,
6,71,694,477,"6,08276253",5,
6,72,688,467,"11,66190379",5,
6,73,679,462,"10,29563014",5,
6,74,668,464,"11,18033989",5,
6,75,656,466,"12,16552506",5,
6,76,648,474,"11,3137085",5,
6,77,640,468,10,5,
6,78,644,475,"8,062257748",5,
6,79,645,477,"2,236067977",5,
6,80,647,476,"2,236067977",5,
6,81,654,471,"8,602325267",5,
6,82,656,465,"6,32455532",5,
6,83,666,458,"12,20655562",5,
6,84,677,452,"12,52996409",5,
6,85,685,449,"8,544003745",5,
6,86,688,447,"3,605551275",5,
6,87,688,448,1,5,
6,88,689,445,"3,16227766",5,
6,89,689,442,3,5,
6,90,689,444,2,5,
6,91,692,453,"9,486832981",5,
6,92,694,459,"6,32455532",5,
6,93,696,463,"4,472135955",5,
6,94,696,464,1,5,
6,95,696,466,2,5,
6,96,697,466,1,5,
6,97,697,467,1,5,
6,98,697,469,2,5,
6,99,697,469,0,5,
6,100,697,469,0,5,
6,101,697,469,0,5,
6,102,696,469,1,5,
6,103,695,469,1,5,
6,104,695,470,1,5,
6,105,696,472,"2,236067977",5,
6,106,697,477,"5,099019514",5,
6,107,701,477,4,5,
6,108,704,473,5,5,
6,109,703,473,1,5,
6,110,699,475,"4,472135955",5,
6,111,695,476,"4,123105626",5,
6,112,695,477,1,5,
6,113,696,476,"1,414213562",5,
6,114,699,474,"3,605551275",5,
6,115,707,467,"10,63014581",5,
6,116,714,453,"15,65247584",5,
6,117,717,437,"16,2788206",5,
6,118,716,436,"1,414213562",5,
6,119,717,441,"5,099019514",5,
6,120,717,432,9,5,
6,121,717,439,7,5,
6,122,720,442,"4,242640687",5,
6,123,724,434,"8,94427191",5,
6,124,725,424,"10,04987562",5,
6,125,721,409,"15,5241747",5,
6,126,709,405,"12,64911064",5,
6,127,701,417,"14,4222051",5,
6,128,692,423,"10,81665383",5,
6,129,685,424,"7,071067812",5,
6,130,681,422,"4,472135955",5,
6,131,678,422,3,5,
6,132,677,428,"6,08276253",5,
6,133,676,427,"1,414213562",5,
6,134,676,426,1,5,
6,135,679,424,"3,605551275",5,
6,136,679,424,0,5,
6,137,685,415,"10,81665383",5,
6,138,688,406,"9,486832981",5,
6,139,690,406,2,5,
6,140,690,407,1,5,
6,141,690,405,2,5,
6,142,692,404,"2,236067977",5,
6,143,690,401,"3,605551275",5,
6,144,689,407,"6,08276253",5,
6,145,710,412,"21,58703314",5,
6,146,689,404,"22,47220505",5,
6,147,680,419,"17,49285568",5,
6,148,671,437,"20,1246118",5,
6,149,663,445,"11,3137085",5,
6,150,659,449,"5,656854249",5,
6,151,656,455,"6,708203932",5,
6,152,658,460,"5,385164807",5,
6,153,652,469,"10,81665383",5,
6,154,647,472,"5,830951895",5,
6,155,650,473,"3,16227766",5,
6,156,647,471,"3,605551275",5,
6,157,648,465,"6,08276253",5,
6,158,642,469,"7,211102551",5,
6,159,636,476,"9,219544457",5,
6,160,634,480,"4,472135955",5,
6,161,634,479,1,5,
6,162,634,479,0,5,
6,163,634,479,0,5,
6,164,633,477,"2,236067977",5,
6,165,634,473,"4,123105626",5,
6,166,636,461,"12,16552506",5,
6,167,640,448,"13,60147051",5,
6,168,642,441,"7,280109889",5,
6,169,641,439,"2,236067977",5,
6,170,641,440,1,5,
6,171,642,438,"2,236067977",5,
6,172,643,438,1,5,
6,173,645,439,"2,236067977",5,
6,174,645,440,1,5,
6,175,645,442,2,5,
6,176,645,443,1,5,
6,177,645,441,2,5,
6,178,644,442,"1,414213562",5,
6,179,643,443,"1,414213562",5,
6,180,644,445,"2,236067977",5,
6,181,645,445,1,5,
6,182,648,446,"3,16227766",5,
6,183,650,446,2,5,
6,184,651,444,"2,236067977",5,
6,185,648,446,"3,605551275",5,
6,186,644,448,"4,472135955",5,
6,187,643,450,"2,236067977",5,
6,188,643,451,1,5,
6,189,644,452,"1,414213562",5,
6,190,648,448,"5,656854249",5,
6,191,657,442,"10,81665383",5,
6,192,663,438,"7,211102551",5,
6,193,673,430,"12,80624847",5,
6,194,680,426,"8,062257748",5,
6,195,683,424,"3,605551275",5,
6,196,685,423,"2,236067977",5,
6,197,691,420,"6,708203932",5,
6,198,697,416,"7,211102551",5,
6,199,701,412,"5,656854249",5,
6,200,703,411,"2,236067977",5,
6,201,704,409,"2,236067977",5,
6,202,705,407,"2,236067977",5,
6,203,705,406,1,5,
6,204,705,404,2,5,
6,205,705,404,0,5,
6,206,705,404,0,5,
6,207,707,405,"2,236067977",5,
6,208,710,407,"3,605551275",5,
6,209,712,411,"4,472135955",5,
6,210,713,412,"1,414213562",5,
6,211,713,414,2,5,
6,212,714,415,"1,414213562",5,
6,213,715,420,"5,099019514",5,
6,214,717,423,"3,605551275",5,
6,215,718,430,"7,071067812",5,
6,216,718,434,4,5,
6,217,718,434,0,5,
6,218,718,435,1,5,
6,219,718,432,3,5,
6,220,719,429,"3,16227766",5,
6,221,719,419,10,5,
6,222,721,407,"12,16552506",5,
6,223,721,396,11,5,
6,224,722,382,"14,03566885",5,
6,225,720,361,"21,09502311",5,
6,226,718,329,"32,06243908",5,
6,227,718,276,53,5,
6,228,716,229,"47,04253395",5,
6,229,708,208,"22,47220505",5,
6,230,696,196,"16,97056275",5,
6,231,680,197,"16,03121954",5,
6,232,666,207,"17,20465053",5,
6,233,652,219,"18,43908891",5,
6,234,643,229,"13,45362405",5,
6,235,643,238,9,5,
6,236,646,244,"6,708203932",5,
6,237,644,250,"6,32455532",5,
6,238,640,257,"8,062257748",5,
6,239,634,261,"7,211102551",5,
6,240,632,265,"4,472135955",5,
6,241,630,269,"4,472135955",5,
6,242,628,274,"5,385164807",5,
6,243,626,280,"6,32455532",5,
6,244,624,285,"5,385164807",5,
6,245,623,292,"7,071067812",5,
6,246,623,294,2,5,
6,247,622,292,"2,236067977",5,
6,248,622,291,1,5,
6,249,621,290,"1,414213562",5,
6,250,621,288,2,5,
6,251,621,291,3,5,
6,252,621,292,1,5,
6,253,621,291,1,5,
6,254,621,291,0,5,
6,255,620,289,"2,236067977",5,
6,256,621,281,"8,062257748",5,
6,257,623,270,"11,18033989",5,
6,258,625,259,"11,18033989",5,
6,259,629,248,"11,70469991",5,
6,260,631,239,"9,219544457",5,
6,261,630,232,"7,071067812",5,
6,262,629,227,"5,099019514",5,
6,263,629,227,0,5,
6,264,629,226,1,5,
6,265,629,225,1,5,
6,266,629,226,1,5,
6,267,631,228,"2,828427125",5,
6,268,631,229,1,5,
6,269,632,229,1,5,
6,270,632,227,2,5,
6,271,634,228,"2,236067977",5,
6,272,643,226,"9,219544457",5,
6,273,648,226,5,5,
6,274,652,228,"4,472135955",5,
6,275,657,230,"5,385164807",5,
6,276,662,233,"5,830951895",5,
6,277,666,234,"4,123105626",5,
6,278,669,234,3,5,
6,279,670,234,1,5,
6,280,670,236,2,5,
6,281,670,238,2,5,
6,282,671,239,"1,414213562",5,
6,283,671,238,1,5,
6,284,673,234,"4,472135955",5,
6,285,674,227,"7,071067812",5,
6,286,671,222,"5,830951895",5,
6,287,664,219,"7,615773106",5,
6,288,655,218,"9,055385138",5,
6,289,648,221,"7,615773106",5,
6,290,643,221,5,5,
6,291,638,222,"5,099019514",5,
6,292,635,224,"3,605551275",5,
6,293,633,227,"3,605551275",5,
6,294,633,227,0,5,
6,295,631,216,"11,18033989",5,
6,296,634,226,"10,44030651",5,
6,297,639,226,5,5,
6,298,646,223,"7,615773106",5,
6,299,654,221,"8,246211251",5,
6,300,666,219,"12,16552506",5,
6,301,678,216,"12,36931688",5,
7,0,646,299,0,3,
7,1,651,297,"5,385164807",3,
7,2,656,294,"5,830951895",3,
7,3,661,302,"9,433981132",3,
7,4,661,302,0,3,
7,5,658,313,6,3,
7,6,652,302,"12,52996409",3,
7,7,669,296,"18,02775638",3,
7,8,666,284,"12,36931688",3,
7,9,671,285,"5,099019514",3,
7,10,661,291,"11,66190379",3,
7,11,646,307,"21,9317122",3,
7,12,635,318,"15,55634919",3,
7,13,615,342,"31,2409987",3,
7,14,595,374,"37,73592453",3,
7,15,577,403,"34,13209633",3,
7,16,561,425,"27,20294102",3,
7,17,546,440,"21,21320344",3,
7,18,537,448,"12,04159458",3,
7,19,531,446,"6,32455532",3,
7,20,529,440,"6,32455532",3,
7,21,528,431,"9,055385138",3,
7,22,529,421,"10,04987562",3,
7,23,533,417,"5,656854249",3,
7,24,534,424,"7,071067812",3,
7,25,534,437,13,3,
7,26,532,447,"10,19803903",3,
7,27,527,452,"7,071067812",3,
7,28,526,451,"1,414213562",3,
7,29,525,451,1,3,
7,30,522,455,5,3,
7,31,519,459,5,3,
7,32,514,465,"7,810249676",3,
7,33,513,469,"4,123105626",3,
7,34,511,471,"2,828427125",3,
7,35,511,471,0,3,
7,36,510,469,"2,236067977",3,
7,37,510,470,1,3,
7,38,511,470,1,3,
7,39,514,461,"9,486832981",3,
7,40,517,451,"10,44030651",3,
7,41,519,444,"7,280109889",3,
7,42,519,445,1,3,
7,43,519,446,1,3,
7,44,520,446,1,3,
7,45,523,444,"3,605551275",3,
7,46,527,445,"4,123105626",3,
7,47,528,446,"1,414213562",3,
7,48,529,447,"1,414213562",3,
7,49,528,449,"2,236067977",3,
7,50,524,452,5,3,
7,51,516,458,10,3,
7,52,503,466,"15,26433752",3,
7,53,498,470,"6,403124237",3,
7,54,501,469,"3,16227766",3,
7,55,506,468,"5,099019514",3,
7,56,516,459,"13,45362405",3,
7,57,528,448,"16,2788206",3,
7,58,533,445,"5,830951895",3,
7,59,534,447,"2,236067977",3,
7,60,533,448,"1,414213562",3,
7,61,525,456,"11,3137085",3,
7,62,507,476,"26,90724809",3,
7,63,505,488,"12,16552506",3,
7,64,508,484,5,3,
7,65,511,484,3,3,
7,66,515,480,"5,656854249",3,
7,67,529,465,"20,51828453",3,
7,68,552,442,"32,52691193",3,
7,69,571,419,"29,83286778",3,
7,70,578,414,"8,602325267",3,
7,71,576,419,"5,385164807",3,
7,72,571,426,"8,602325267",3,
7,73,562,438,15,3,
7,74,554,442,"8,94427191",3,
7,75,555,440,"2,236067977",3,
7,76,555,439,1,3,
7,77,556,434,"5,099019514",3,
7,78,563,423,"13,03840481",3,
7,79,565,416,"7,280109889",3,
7,80,565,417,1,3,
7,81,565,417,0,3,
7,82,566,418,"1,414213562",3,
7,83,568,421,"3,605551275",3,
7,84,569,423,"2,236067977",3,
7,85,569,426,3,3,
7,86,569,429,3,3,
7,87,567,431,"2,828427125",3,
7,88,561,434,"6,708203932",3,
7,89,555,437,"6,708203932",3,
7,90,549,442,"7,810249676",3,
7,91,548,442,1,3,
7,92,548,442,0,3,
7,93,559,438,"11,70469991",3,
7,94,570,423,"18,60107524",3,
7,95,570,422,1,3,
7,96,580,418,"10,77032961",3,
7,97,580,415,3,3,
7,98,576,418,5,3,
7,99,564,427,15,3,
7,100,555,444,"19,23538406",3,
7,101,552,450,"6,708203932",3,
7,102,554,448,"2,828427125",3,
7,103,554,448,0,3,
7,104,559,450,"5,385164807",3,
7,105,571,442,"14,4222051",3,
7,106,571,442,0,3,
7,107,591,415,"33,60059523",3,
7,108,596,412,"5,830951895",3,
7,109,596,416,4,3,
7,110,594,413,"3,605551275",3,
7,111,591,415,"3,605551275",3,
7,112,590,411,"4,123105626",3,
7,113,591,411,1,3,
7,114,593,408,"3,605551275",3,
7,115,597,395,"13,60147051",3,
7,116,597,388,7,3,
7,117,597,386,2,3,
7,118,596,388,"2,236067977",3,
7,119,598,387,"2,236067977",3,
7,120,602,389,"4,472135955",3,
7,121,603,395,"6,08276253",3,
7,122,605,397,"2,828427125",3,
7,123,608,395,"3,605551275",3,
7,124,608,395,0,3,
7,125,605,398,"4,242640687",3,
7,126,606,395,"3,16227766",3,
7,127,598,398,"8,544003745",3,
7,128,587,403,"12,08304597",3,
7,129,579,407,"8,94427191",3,
7,130,583,404,5,3,
7,131,580,408,5,3,
7,132,583,409,"3,16227766",3,
7,133,595,400,15,3,
7,134,609,389,"17,80449381",3,
7,135,615,385,"7,211102551",3,
7,136,616,383,"2,236067977",3,
7,137,616,383,0,3,
7,138,615,382,"1,414213562",3,
7,139,614,381,"1,414213562",3,
7,140,608,384,"6,708203932",3,
7,141,603,388,"6,403124237",3,
7,142,598,394,"7,810249676",3,
7,143,590,407,"15,26433752",3,
7,144,577,429,"25,55386468",3,
7,145,593,415,"21,26029163",3,
7,146,611,389,"31,6227766",3,
7,147,628,369,"26,2488095",3,
7,148,639,353,"19,41648784",3,
7,149,645,344,"10,81665383",3,
7,150,649,330,"14,56021978",3,
7,151,650,316,"14,03566885",3,
7,152,650,294,22,3,
7,153,643,276,"19,31320792",3,
7,154,635,266,"12,80624847",3,
7,155,629,264,"6,32455532",3,
7,156,633,273,"9,848857802",3,
7,157,636,277,5,3,
7,158,641,287,"11,18033989",3,
7,159,640,294,"7,071067812",3,
7,160,640,298,4,3,
7,161,637,302,5,3,
7,162,635,312,"10,19803903",3,
7,163,632,316,5,3,
7,164,630,317,"2,236067977",3,
7,165,630,316,1,3,
7,166,630,316,0,3,
7,167,630,316,0,3,
7,168,632,310,"6,32455532",3,
7,169,635,298,"12,36931688",3,
7,170,637,288,"10,19803903",3,
7,171,637,288,0,3,
7,172,639,289,"2,236067977",3,
7,173,641,289,2,3,
7,174,644,292,"4,242640687",3,
7,175,645,295,"3,16227766",3,
7,176,645,298,3,3,
7,177,644,299,"1,414213562",3,
7,178,642,303,"4,472135955",3,
7,179,635,312,"11,40175425",3,
7,180,627,324,"14,4222051",3,
7,181,626,329,"5,099019514",3,
7,182,626,328,1,3,
7,183,628,328,2,3,
7,184,633,320,"9,433981132",3,
7,185,639,308,"13,41640786",3,
7,186,644,299,"10,29563014",3,
7,187,646,292,"7,280109889",3,
7,188,647,293,"1,414213562",3,
7,189,650,290,"4,242640687",3,
7,190,652,287,"3,605551275",3,
7,191,652,290,3,3,
7,192,653,290,1,3,
7,193,652,289,"1,414213562",3,
7,194,652,290,1,3,
7,195,652,291,1,3,
7,196,651,295,"4,123105626",3,
7,197,651,300,5,3,
7,198,650,306,"6,08276253",3,
7,199,646,312,"7,211102551",3,
7,200,644,316,"4,472135955",3,
7,201,639,316,5,3,
7,202,641,321,"5,385164807",3,
7,203,641,321,0,3,
7,204,640,324,"3,16227766",3,
7,205,638,328,"4,472135955",3,
7,206,637,329,"1,414213562",3,
7,207,638,329,1,3,
7,208,640,328,"2,236067977",3,
7,209,646,323,"7,810249676",3,
7,210,658,306,"20,80865205",3,
7,211,673,286,25,3,
7,212,683,270,"18,86796226",3,
7,213,683,268,2,3,
7,214,676,275,"9,899494937",3,
7,215,671,281,"7,810249676",3,
7,216,668,282,"3,16227766",3,
7,217,667,281,"1,414213562",3,
7,218,667,280,1,3,
7,219,668,277,"3,16227766",3,
7,220,670,269,"8,246211251",3,
7,221,671,259,"10,04987562",3,
7,222,670,251,"8,062257748",3,
7,223,671,253,"2,236067977",3,
7,224,674,254,"3,16227766",3,
7,225,678,257,5,3,
7,226,682,259,"4,472135955",3,
7,227,685,262,"4,242640687",3,
7,228,686,263,"1,414213562",3,
7,229,685,263,1,3,
7,230,683,264,"2,236067977",3,
7,231,678,265,"5,099019514",3,
7,232,669,264,"9,055385138",3,
7,233,662,266,"7,280109889",3,
7,234,654,274,"11,3137085",3,
7,235,658,278,"5,656854249",3,
7,236,664,273,"7,810249676",3,
7,237,676,267,"13,41640786",3,
7,238,686,260,"12,20655562",3,
7,239,695,255,"10,29563014",3,
7,240,696,255,1,3,
7,241,694,255,2,3,
7,242,689,257,"5,385164807",3,
7,243,681,265,"11,3137085",3,
7,244,673,281,"17,88854382",3,
7,245,667,294,"14,31782106",3,
7,246,667,293,1,3,
7,247,669,292,"2,236067977",3,
7,248,672,292,3,3,
7,249,682,281,"14,86606875",3,
7,250,682,282,1,3,
7,251,682,282,0,3,
7,252,710,244,"47,20169488",3,
7,253,714,234,"10,77032961",3,
7,254,712,230,"4,472135955",3,
7,255,710,239,"9,219544457",3,
7,256,708,242,"3,605551275",3,
7,257,705,243,"3,16227766",3,
7,258,704,244,"1,414213562",3,
7,259,705,241,"3,16227766",3,
7,260,706,240,"1,414213562",3,
7,261,708,235,"5,385164807",3,
7,262,708,227,8,3,
7,263,707,224,"3,16227766",3,
7,264,707,223,1,3,
7,265,707,224,1,3,
7,266,710,224,3,3,
7,267,710,224,0,3,
7,268,712,193,"31,06444913",3,
7,269,717,195,"5,385164807",3,
7,270,717,194,1,3,
7,271,717,196,2,3,
7,272,718,181,"15,03329638",3,
7,273,726,192,"13,60147051",3,
7,274,712,221,"32,20248438",3,
7,275,712,221,0,3,
7,276,697,238,"22,6715681",3,
7,277,694,239,"3,16227766",3,
7,278,696,239,2,3,
7,279,697,239,1,3,
7,280,703,234,"7,810249676",3,
7,281,711,218,"17,88854382",3,
7,282,723,179,"40,80441153",3,
7,283,731,211,"32,984845",3,
7,284,731,211,0,3,
7,285,733,213,"2,828427125",3,
7,286,731,160,"53,03772242",3,
7,287,727,176,"16,4924225",3,
7,288,724,215,"39,11521443",3,
7,289,715,226,"14,2126704",3,
7,290,710,240,"14,86606875",3,
7,291,708,237,"3,605551275",3,
7,292,711,242,"5,830951895",3,
7,293,711,242,0,3,
7,294,716,240,"5,385164807",3,
7,295,771,203,"66,28725368",3,
7,296,732,241,"54,45181356",3,
7,297,675,224,"59,48108943",3,
7,298,733,219,"58,21511831",3,
7,299,744,221,"11,18033989",3,
7,300,742,212,"9,219544457",3,
8,0,537,477,0,3,
8,1,537,477,0,3,
8,2,537,477,0,3,
8,3,538,477,1,3,
8,4,537,476,"1,414213562",3,
8,5,538,476,1,3,
8,6,538,476,7,3,
8,7,538,476,0,3,
8,8,538,476,0,3,
8,9,539,476,1,3,
8,10,538,476,1,3,
8,11,538,476,0,3,
8,12,536,475,"2,236067977",3,
8,13,537,475,1,3,
8,14,536,475,1,3,
8,15,535,475,1,3,
8,16,536,478,"3,16227766",3,
8,17,534,480,"2,828427125",3,
8,18,527,480,7,3,
8,19,524,481,"3,16227766",3,
8,20,520,484,5,3,
8,21,517,487,"4,242640687",3,
8,22,515,491,"4,472135955",3,
8,23,510,499,"9,433981132",3,
8,24,510,499,0,3,
8,25,508,501,"2,828427125",3,
8,26,504,506,"6,403124237",3,
8,27,502,507,"2,236067977",3,
8,28,500,509,"2,828427125",3,
8,29,498,510,"2,236067977",3,
8,30,496,511,"2,236067977",3,
8,31,494,512,"2,236067977",3,
8,32,492,512,2,3,
8,33,486,510,"6,32455532",3,
8,34,485,511,"1,414213562",3,
8,35,484,513,"2,236067977",3,
8,36,483,514,"1,414213562",3,
8,37,486,514,3,3,
8,38,492,513,"6,08276253",3,
8,39,503,512,"11,04536102",3,
8,40,487,493,"24,8394847",3,
8,41,484,481,"12,36931688",3,
8,42,486,470,"11,18033989",3,
8,43,488,473,"3,605551275",3,
8,44,500,494,"24,18677324",3,
8,45,493,501,"9,899494937",3,
8,46,499,504,"6,708203932",3,
8,47,497,501,"3,605551275",3,
8,48,495,501,2,3,
8,49,490,500,"5,099019514",3,
8,50,487,502,"3,605551275",3,
8,51,489,507,"5,385164807",3,
8,52,489,509,2,3,
8,53,491,508,"2,236067977",3,
8,54,495,506,"4,472135955",3,
8,55,489,502,"7,211102551",3,
8,56,494,500,"5,385164807",3,
8,57,489,495,"7,071067812",3,
8,58,494,496,"5,099019514",3,
8,59,494,496,0,3,
8,60,494,496,0,3,
8,61,494,497,1,3,
8,62,496,496,"2,236067977",3,
8,63,499,493,"4,242640687",3,
8,64,501,489,"4,472135955",3,
8,65,502,486,"3,16227766",3,
8,66,504,484,"2,828427125",3,
8,67,506,484,2,3,
8,68,508,487,"3,605551275",3,
8,69,510,490,"3,605551275",3,
8,70,513,492,"3,605551275",3,
8,71,517,494,"4,472135955",3,
8,72,523,496,"6,32455532",3,
8,73,528,495,"5,099019514",3,
8,74,532,493,"4,472135955",3,
8,75,539,491,"7,280109889",3,
8,76,543,486,"6,403124237",3,
8,77,549,480,"8,485281374",3,
8,78,553,473,"8,062257748",3,
8,79,560,464,"11,40175425",3,
8,80,564,455,"9,848857802",3,
8,81,567,449,"6,708203932",3,
8,82,569,446,"3,605551275",3,
8,83,571,446,2,3,
8,84,571,447,1,3,
8,85,571,449,2,3,
8,86,570,450,"1,414213562",3,
8,87,569,450,1,3,
8,88,571,450,2,3,
8,89,573,447,"3,605551275",3,
8,90,577,447,4,3,
8,91,580,447,3,3,
8,92,582,447,2,3,
8,93,585,444,"4,242640687",3,
8,94,586,442,"2,236067977",3,
8,95,587,440,"2,236067977",3,
8,96,587,438,2,3,
8,97,589,434,"4,472135955",3,
8,98,590,430,"4,123105626",3,
8,99,591,427,"3,16227766",3,
8,100,591,425,2,3,
8,101,592,423,"2,236067977",3,
8,102,594,418,"5,385164807",3,
8,103,599,409,"10,29563014",3,
8,104,601,404,"5,385164807",3,
8,105,602,404,1,3,
8,106,602,403,1,3,
8,107,602,404,1,3,
8,108,604,403,"2,236067977",3,
8,109,605,404,"1,414213562",3,
8,110,607,404,2,3,
8,111,611,404,4,3,
8,112,614,404,3,3,
8,113,617,402,"3,605551275",3,
8,114,620,399,"4,242640687",3,
8,115,624,393,"7,211102551",3,
8,116,626,389,"4,472135955",3,
8,117,627,384,"5,099019514",3,
8,118,629,379,"5,385164807",3,
8,119,630,374,"5,099019514",3,
8,120,630,372,2,3,
8,121,630,372,0,3,
8,122,630,372,0,3,
8,123,630,371,1,3,
8,124,632,366,"5,385164807",3,
8,125,634,362,"4,472135955",3,
8,126,636,361,"2,236067977",3,
8,127,638,360,"2,236067977",3,
8,128,640,360,2,3,
8,129,643,357,"4,242640687",3,
8,130,644,355,"2,236067977",3,
8,131,647,355,3,3,
8,132,649,350,"5,385164807",3,
8,133,653,351,"4,123105626",3,
8,134,658,351,5,3,
8,135,659,348,"3,16227766",3,
8,136,661,347,"2,236067977",3,
8,137,663,344,"3,605551275",3,
8,138,665,339,"5,385164807",3,
8,139,667,334,"5,385164807",3,
8,140,669,330,"4,472135955",3,
8,141,671,329,"2,236067977",3,
8,142,672,328,"1,414213562",3,
8,143,674,328,2,3,
8,144,679,327,"5,099019514",3,
8,145,683,326,"4,123105626",3,
8,146,687,323,5,3,
8,147,690,322,"3,16227766",3,
8,148,691,322,1,3,
8,149,692,321,"1,414213562",3,
8,150,694,318,"3,605551275",3,
8,151,697,312,"6,708203932",3,
8,152,698,307,"5,099019514",3,
8,153,699,305,"2,236067977",3,
8,154,699,304,1,3,
8,155,700,305,"1,414213562",3,
8,156,703,301,5,3,
8,157,706,296,"5,830951895",3,
8,158,709,291,"5,830951895",3,
8,159,712,287,5,3,
8,160,712,286,1,3,
8,161,710,286,2,3,
8,162,710,292,6,3,
8,163,711,293,"1,414213562",3,
8,164,712,289,"4,123105626",3,
8,165,715,283,"6,708203932",3,
8,166,717,278,"5,385164807",3,
8,167,719,272,"6,32455532",3,
8,168,722,265,"7,615773106",3,
8,169,722,256,9,3,
8,170,725,246,"10,44030651",3,
8,171,727,242,"4,472135955",3,
8,172,730,241,"3,16227766",3,
8,173,733,240,"3,16227766",3,
8,174,737,239,"4,123105626",3,
8,175,741,234,"6,403124237",3,
8,176,744,235,"3,16227766",3,
8,177,747,211,"24,18677324",3,
8,178,749,206,"5,385164807",3,
8,179,749,205,1,3,
8,180,745,222,"17,4642492",3,
8,181,748,228,"6,708203932",3,
8,182,749,226,"2,236067977",3,
8,183,747,230,"4,472135955",3,
8,184,748,228,"2,236067977",3,
8,185,744,183,"45,17742799",3,
8,186,749,227,"44,28317965",3,
8,187,751,228,"2,236067977",3,
8,188,757,225,"6,708203932",3,
8,189,759,225,2,3,
8,190,755,234,"9,848857802",3,
8,191,756,233,"1,414213562",3,
8,192,758,227,"6,32455532",3,
8,193,762,222,"6,403124237",3,
8,194,762,216,6,3,
8,195,761,218,"2,236067977",3,
8,196,761,220,2,3,
8,197,757,219,"4,123105626",3,
8,198,758,216,"3,16227766",3,
8,199,759,209,"7,071067812",3,
8,200,760,255,"46,01086828",3,
8,201,759,250,"5,099019514",3,
8,202,758,249,"1,414213562",3,
8,203,757,246,"3,16227766",3,
8,204,757,232,14,3,
8,205,760,221,"11,40175425",3,
8,206,761,212,"9,055385138",3,
8,207,763,216,"4,472135955",3,
8,208,757,214,"6,32455532",3,
8,209,760,208,"6,708203932",3,
8,210,776,198,"18,86796226",3,
8,211,767,210,15,3,
8,212,771,215,"6,403124237",3,
8,213,771,215,0,3,
8,214,730,265,"64,66065264",3,
8,215,768,213,"64,40496875",3,
8,216,749,251,"42,48529157",3,
8,217,767,202,"52,20153254",3,
8,218,736,227,"39,8246155",3,
8,219,737,228,"1,414213562",3,
8,220,728,247,"21,02379604",3,
8,221,743,235,"19,20937271",3,
8,222,747,239,"5,656854249",3,
8,223,749,240,"2,236067977",3,
8,224,750,236,"4,123105626",3,
8,225,748,237,"2,236067977",3,
8,226,746,241,"4,472135955",3,
8,227,754,211,"31,04834939",3,
8,228,755,210,"1,414213562",3,
8,229,753,211,"2,236067977",3,
8,230,738,222,"18,60107524",3,
8,231,752,221,"14,03566885",3,
8,232,757,227,"7,810249676",3,
8,233,771,252,"28,65309756",3,
8,234,750,213,"44,29446918",3,
8,235,772,251,"43,9089968",3,
8,236,788,242,"18,35755975",3,
8,237,764,225,"29,41088234",3,
8,238,776,228,"12,36931688",3,
8,239,774,228,2,3,
8,240,750,216,"26,83281573",3,
8,241,779,235,"34,66987165",3,
8,242,782,238,"4,242640687",3,
8,243,782,241,3,3,
8,244,764,233,"19,6977156",3,
8,245,782,241,"19,6977156",3,
8,246,775,224,"18,38477631",3,
8,247,778,210,"14,31782106",3,
8,248,774,192,"18,43908891",3,
8,249,770,169,"23,34523506",3,
8,250,777,183,"15,65247584",3,
8,251,775,186,"3,605551275",3,
8,252,764,194,"13,60147051",3,
8,253,771,198,"8,062257748",3,
8,254,776,200,"5,385164807",3,
8,255,780,204,"5,656854249",3,
8,256,779,203,"1,414213562",3,
8,257,797,208,"18,68154169",3,
8,258,798,192,"16,03121954",3,
8,259,799,190,"2,236067977",3,
8,260,791,168,"23,40939982",3,
8,261,805,192,"27,78488798",3,
8,262,794,173,"21,9544984",3,
8,263,795,185,"12,04159458",3,
8,264,800,189,"6,403124237",3,
8,265,800,186,3,3,
8,266,804,176,"10,77032961",3,
8,267,806,163,"13,15294644",3,
8,268,,,"822,3168489",3,
8,269,,,0,3,
8,270,,,0,3,
8,271,,,0,3,
8,272,,,0,3,
8,273,,,0,3,
8,274,,,0,3,
8,275,,,0,3,
8,276,,,0,3,
8,277,93,689,"695,2481571",3,
8,278,416,306,"501,0169658",3,
8,279,,,"516,4223078",3,
8,280,64,598,"601,4149982",3,
8,281,,,"601,4149982",3,
8,282,70,618,"621,9517666",3,
8,283,71,618,1,3,
8,284,96,770,"154,042202",3,
8,285,391,292,"561,7018782",3,
8,286,391,292,0,3,
8,287,,,"488,0010246",3,
8,288,70,615,"618,9709202",3,
8,289,71,616,"1,414213562",3,
8,290,75,615,"4,123105626",3,
8,291,71,617,"4,472135955",3,
8,292,403,305,"455,5963125",3,
8,293,397,306,"6,08276253",3,
8,294,,,"501,2434538",3,
8,295,,,0,3,
8,296,,,0,3,
8,297,435,277,"515,7072813",3,
8,298,,,"515,7072813",3,
8,299,,,0,3,
8,300,,,0,3,
8,301,100,675,"682,3672032",3,
9,0,543,480,0,5,
9,1,542,481,"1,414213562",5,
9,2,540,481,2,5,
9,3,539,481,1,5,
9,4,538,481,1,5,
9,5,541,479,"3,605551275",5,
9,6,542,478,8,5,
9,7,542,477,1,5,
9,8,540,476,"2,236067977",5,
9,9,537,476,3,5,
9,10,536,476,1,5,
9,11,536,476,0,5,
9,12,536,476,0,5,
9,13,535,476,1,5,
9,14,530,476,5,5,
9,15,530,477,1,5,
9,16,528,477,2,5,
9,17,528,478,1,5,
9,18,527,480,"2,236067977",5,
9,19,528,482,"2,236067977",5,
9,20,525,483,"3,16227766",5,
9,21,524,484,"1,414213562",5,
9,22,522,484,2,5,
9,23,520,484,2,5,
9,24,519,485,"1,414213562",5,
9,25,519,485,0,5,
9,26,518,484,"1,414213562",5,
9,27,518,484,0,5,
9,28,518,484,0,5,
9,29,518,485,1,5,
9,30,518,485,0,5,
9,31,519,486,"1,414213562",5,
9,32,517,492,"6,32455532",5,
9,33,517,492,0,5,
9,34,503,510,"22,8035085",5,
9,35,503,511,1,5,
9,36,501,511,2,5,
9,37,501,511,0,5,
9,38,501,507,4,5,
9,39,504,505,"3,605551275",5,
9,40,510,502,"6,708203932",5,
9,41,515,499,"5,830951895",5,
9,42,520,496,"5,830951895",5,
9,43,523,491,"5,830951895",5,
9,44,524,487,"4,123105626",5,
9,45,518,487,6,5,
9,46,509,492,"10,29563014",5,
9,47,500,498,"10,81665383",5,
9,48,501,501,"3,16227766",5,
9,49,503,502,"2,236067977",5,
9,50,508,503,"5,099019514",5,
9,51,515,499,"8,062257748",5,
9,52,528,492,"14,76482306",5,
9,53,538,488,"10,77032961",5,
9,54,537,487,"1,414213562",5,
9,55,534,488,"3,16227766",5,
9,56,530,490,"4,472135955",5,
9,57,528,491,"2,236067977",5,
9,58,527,493,"2,236067977",5,
9,59,527,495,2,5,
9,60,530,495,3,5,
9,61,535,492,"5,830951895",5,
9,62,534,488,"4,123105626",5,
9,63,532,486,"2,828427125",5,
9,64,529,491,"5,830951895",5,
9,65,526,493,"3,605551275",5,
9,66,525,491,"2,236067977",5,
9,67,533,492,"8,062257748",5,
9,68,536,484,"8,544003745",5,
9,69,541,480,"6,403124237",5,
9,70,542,481,"1,414213562",5,
9,71,541,481,1,5,
9,72,542,481,1,5,
9,73,546,478,5,5,
9,74,549,477,"3,16227766",5,
9,75,547,477,2,5,
9,76,542,479,"5,385164807",5,
9,77,538,484,"6,403124237",5,
9,78,537,486,"2,236067977",5,
9,79,540,485,"3,16227766",5,
9,80,544,482,5,5,
9,81,548,479,5,5,
9,82,548,476,3,5,
9,83,549,476,1,5,
9,84,548,479,"3,16227766",5,
9,85,546,486,"7,280109889",5,
9,86,544,492,"6,32455532",5,
9,87,540,496,"5,656854249",5,
9,88,539,496,1,5,
9,89,527,500,"12,64911064",5,
9,90,528,497,"3,16227766",5,
9,91,533,492,"7,071067812",5,
9,92,544,482,"14,86606875",5,
9,93,556,474,"14,4222051",5,
9,94,561,472,"5,385164807",5,
9,95,561,472,0,5,
9,96,559,473,"2,236067977",5,
9,97,558,471,"2,236067977",5,
9,98,560,472,"2,236067977",5,
9,99,560,471,1,5,
9,100,560,470,1,5,
9,101,563,468,"3,605551275",5,
9,102,563,468,0,5,
9,103,566,464,5,5,
9,104,566,463,1,5,
9,105,565,464,"1,414213562",5,
9,106,563,467,"3,605551275",5,
9,107,561,469,"2,828427125",5,
9,108,559,471,"2,828427125",5,
9,109,561,472,"2,236067977",5,
9,110,566,472,5,5,
9,111,567,472,1,5,
9,112,561,474,"6,32455532",5,
9,113,561,475,1,5,
9,114,562,472,"3,16227766",5,
9,115,569,464,"10,63014581",5,
9,116,585,454,"18,86796226",5,
9,117,600,445,"17,49285568",5,
9,118,608,440,"9,433981132",5,
9,119,610,438,"2,828427125",5,
9,120,605,442,"6,403124237",5,
9,121,605,444,2,5,
9,122,603,443,"2,236067977",5,
9,123,604,443,1,5,
9,124,604,443,0,5,
9,125,604,444,1,5,
9,126,605,442,"2,236067977",5,
9,127,604,442,1,5,
9,128,600,444,"4,472135955",5,
9,129,596,448,"5,656854249",5,
9,130,593,452,5,5,
9,131,594,452,1,5,
9,132,598,453,"4,123105626",5,
9,133,599,452,"1,414213562",5,
9,134,601,450,"2,828427125",5,
9,135,599,449,"2,236067977",5,
9,136,599,449,0,5,
9,137,598,451,"2,236067977",5,
9,138,598,450,1,5,
9,139,599,450,1,5,
9,140,601,449,"2,236067977",5,
9,141,601,449,0,5,
9,142,605,450,"4,123105626",5,
9,143,604,446,"4,123105626",5,
9,144,605,446,1,5,
9,145,603,447,"2,236067977",5,
9,146,604,446,"1,414213562",5,
9,147,604,446,0,5,
9,148,608,444,"4,472135955",5,
9,149,611,442,"3,605551275",5,
9,150,610,444,"2,236067977",5,
9,151,607,446,"3,605551275",5,
9,152,604,448,"3,605551275",5,
9,153,605,450,"2,236067977",5,
9,154,607,449,"2,236067977",5,
9,155,613,447,"6,32455532",5,
9,156,619,445,"6,32455532",5,
9,157,622,435,"10,44030651",5,
9,158,620,437,"2,828427125",5,
9,159,614,440,"6,708203932",5,
9,160,611,443,"4,242640687",5,
9,161,613,444,"2,236067977",5,
9,162,617,442,"4,472135955",5,
9,163,621,440,"4,472135955",5,
9,164,626,433,"8,602325267",5,
9,165,637,422,"15,55634919",5,
9,166,640,420,"3,605551275",5,
9,167,639,422,"2,236067977",5,
9,168,640,418,"4,123105626",5,
9,169,641,419,"1,414213562",5,
9,170,640,421,"2,236067977",5,
9,171,637,415,"6,708203932",5,
9,172,639,413,"2,828427125",5,
9,173,651,406,"13,89244399",5,
9,174,667,397,"18,35755975",5,
9,175,679,389,"14,4222051",5,
9,176,685,380,"10,81665383",5,
9,177,683,378,"2,828427125",5,
9,178,679,376,"4,472135955",5,
9,179,677,375,"2,236067977",5,
9,180,676,380,"5,099019514",5,
9,181,674,383,"3,605551275",5,
9,182,669,388,"7,071067812",5,
9,183,664,397,"10,29563014",5,
9,184,662,397,2,5,
9,185,663,396,"1,414213562",5,
9,186,663,397,1,5,
9,187,663,396,1,5,
9,188,662,399,"3,16227766",5,
9,189,661,400,"1,414213562",5,
9,190,660,403,"3,16227766",5,
9,191,661,409,"6,08276253",5,
9,192,660,418,"9,055385138",5,
9,193,659,425,"7,071067812",5,
9,194,659,426,1,5,
9,195,656,426,3,5,
9,196,658,421,"5,385164807",5,
9,197,659,412,"9,055385138",5,
9,198,660,405,"7,071067812",5,
9,199,662,405,2,5,
9,200,663,406,"1,414213562",5,
9,201,664,408,"2,236067977",5,
9,202,663,412,"4,123105626",5,
9,203,661,416,"4,472135955",5,
9,204,661,415,1,5,
9,205,663,413,"2,828427125",5,
9,206,666,410,"4,242640687",5,
9,207,666,411,1,5,
9,208,669,408,"4,242640687",5,
9,209,671,405,"3,605551275",5,
9,210,670,402,"3,16227766",5,
9,211,668,402,2,5,
9,212,668,402,0,5,
9,213,667,403,"1,414213562",5,
9,214,667,407,4,5,
9,215,668,407,1,5,
9,216,670,408,"2,236067977",5,
9,217,672,406,"2,828427125",5,
9,218,672,403,3,5,
9,219,671,403,1,5,
9,220,671,404,1,5,
9,221,671,404,0,5,
9,222,673,406,"2,828427125",5,
9,223,677,404,"4,472135955",5,
9,224,681,397,"8,062257748",5,
9,225,681,392,5,5,
9,226,679,394,"2,828427125",5,
9,227,680,394,1,5,
9,228,681,390,"4,123105626",5,
9,229,681,388,2,5,
9,230,680,386,"2,236067977",5,
9,231,677,388,"3,605551275",5,
9,232,676,392,"4,123105626",5,
9,233,676,396,4,5,
9,234,677,400,"4,123105626",5,
9,235,677,401,1,5,
9,236,678,402,"1,414213562",5,
9,237,677,401,"1,414213562",5,
9,238,676,399,"2,236067977",5,
9,239,674,401,"2,828427125",5,
9,240,674,402,1,5,
9,241,675,402,1,5,
9,242,679,403,"4,123105626",5,
9,243,685,398,"7,810249676",5,
9,244,692,391,"9,899494937",5,
9,245,694,385,"6,32455532",5,
9,246,691,386,"3,16227766",5,
9,247,687,389,5,5,
9,248,687,386,3,5,
9,249,687,387,1,5,
9,250,687,386,1,5,
9,251,686,385,"1,414213562",5,
9,252,685,386,"1,414213562",5,
9,253,684,387,"1,414213562",5,
9,254,683,388,"1,414213562",5,
9,255,683,390,2,5,
9,256,685,395,"5,385164807",5,
9,257,686,401,"6,08276253",5,
9,258,686,403,2,5,
9,259,686,401,2,5,
9,260,687,402,"1,414213562",5,
9,261,687,401,1,5,
9,262,688,399,"2,236067977",5,
9,263,686,399,2,5,
9,264,682,401,"4,472135955",5,
9,265,678,402,"4,123105626",5,
9,266,678,403,1,5,
9,267,680,403,2,5,
9,268,684,400,5,5,
9,269,688,398,"4,472135955",5,
9,270,689,396,"2,236067977",5,
9,271,690,391,"5,099019514",5,
9,272,689,388,"3,16227766",5,
9,273,688,386,"2,236067977",5,
9,274,689,384,"2,236067977",5,
9,275,690,382,"2,236067977",5,
9,276,691,380,"2,236067977",5,
9,277,691,380,0,5,
9,278,690,382,"2,236067977",5,
9,279,690,383,1,5,
9,280,690,384,1,5,
9,281,691,387,"3,16227766",5,
9,282,692,389,"2,236067977",5,
9,283,694,389,2,5,
9,284,695,387,"2,236067977",5,
9,285,697,383,"4,472135955",5,
9,286,696,381,"2,236067977",5,
9,287,696,383,2,5,
9,288,696,381,2,5,
9,289,695,381,1,5,
9,290,697,386,"5,385164807",5,
9,291,698,391,"5,099019514",5,
9,292,698,397,6,5,
9,293,696,401,"4,472135955",5,
9,294,693,399,"3,605551275",5,
9,295,690,398,"3,16227766",5,
9,296,688,400,"2,828427125",5,
9,297,689,400,1,5,
9,298,699,397,"10,44030651",5,
9,299,711,380,"20,80865205",5,
10,0,531,507,0,5,
10,1,532,507,1,5,
10,2,531,507,1,5,
10,3,531,506,1,5,
10,4,533,505,"2,236067977",5,
10,5,533,504,1,5,
10,6,533,506,2,5,
10,7,533,506,0,5,
10,8,531,508,9,5,
10,9,530,509,"1,414213562",5,
10,10,529,510,"1,414213562",5,
10,11,528,511,"1,414213562",5,
10,12,527,515,"4,123105626",5,
10,13,524,517,"3,605551275",5,
10,14,522,519,"2,828427125",5,
10,15,520,518,"2,236067977",5,
10,16,520,520,2,5,
10,17,519,518,"2,236067977",5,
10,18,519,519,1,5,
10,19,513,520,"6,08276253",5,
10,20,513,523,3,5,
10,21,513,525,2,5,
10,22,513,524,1,5,
10,23,513,523,1,5,
10,24,518,519,"6,403124237",5,
10,25,520,513,"6,32455532",5,
10,26,523,508,"5,830951895",5,
10,27,524,505,"3,16227766",5,
10,28,524,505,0,5,
10,29,528,508,5,5,
10,30,527,506,"2,236067977",5,
10,31,528,508,"2,236067977",5,
10,32,531,508,3,5,
10,33,532,507,"1,414213562",5,
10,34,536,503,"5,656854249",5,
10,35,539,497,"6,708203932",5,
10,36,539,495,2,5,
10,37,540,496,"1,414213562",5,
10,38,537,502,"6,708203932",5,
10,39,536,508,"6,08276253",5,
10,40,537,510,"2,236067977",5,
10,41,537,510,0,5,
10,42,537,512,2,5,
10,43,539,509,"3,605551275",5,
10,44,540,507,"2,236067977",5,
10,45,541,506,"1,414213562",5,
10,46,540,507,"1,414213562",5,
10,47,539,510,"3,16227766",5,
10,48,539,512,2,5,
10,49,541,512,2,5,
10,50,543,511,"2,236067977",5,
10,51,547,507,"5,656854249",5,
10,52,549,504,"3,605551275",5,
10,53,548,504,1,5,
10,54,548,504,0,5,
10,55,546,508,"4,472135955",5,
10,56,546,513,5,5,
10,57,544,515,"2,828427125",5,
10,58,539,519,"6,403124237",5,
10,59,533,521,"6,32455532",5,
10,60,526,523,"7,280109889",5,
10,61,523,524,"3,16227766",5,
10,62,526,523,"3,16227766",5,
10,63,534,518,"9,433981132",5,
10,64,548,507,"17,80449381",5,
10,65,566,502,"18,68154169",5,
10,66,568,501,"2,236067977",5,
10,67,563,502,"5,099019514",5,
10,68,562,502,1,5,
10,69,562,502,0,5,
10,70,561,502,1,5,
10,71,562,501,"1,414213562",5,
10,72,566,498,5,5,
10,73,567,495,"3,16227766",5,
10,74,568,494,"1,414213562",5,
10,75,568,495,1,5,
10,76,568,495,0,5,
10,77,566,499,"4,472135955",5,
10,78,565,506,"7,071067812",5,
10,79,564,511,"5,099019514",5,
10,80,563,513,"2,236067977",5,
10,81,563,513,0,5,
10,82,561,511,"2,828427125",5,
10,83,560,510,"1,414213562",5,
10,84,559,509,"1,414213562",5,
10,85,559,509,0,5,
10,86,559,509,0,5,
10,87,571,503,"13,41640786",5,
10,88,577,498,"7,810249676",5,
10,89,578,497,"1,414213562",5,
10,90,577,499,"2,236067977",5,
10,91,576,501,"2,236067977",5,
10,92,577,500,"1,414213562",5,
10,93,578,500,1,5,
10,94,577,499,"1,414213562",5,
10,95,575,499,2,5,
10,96,571,502,5,5,
10,97,570,505,"3,16227766",5,
10,98,570,506,1,5,
10,99,574,506,4,5,
10,100,576,504,"2,828427125",5,
10,101,578,502,"2,828427125",5,
10,102,577,502,1,5,
10,103,578,502,1,5,
10,104,580,502,2,5,
10,105,583,501,"3,16227766",5,
10,106,587,499,"4,472135955",5,
10,107,587,497,2,5,
10,108,586,495,"2,236067977",5,
10,109,586,495,0,5,
10,110,586,495,0,5,
10,111,587,495,1,5,
10,112,587,495,0,5,
10,113,587,495,0,5,
10,114,588,497,"2,236067977",5,
10,115,589,499,"2,236067977",5,
10,116,588,499,1,5,
10,117,589,498,"1,414213562",5,
10,118,591,496,"2,828427125",5,
10,119,592,495,"1,414213562",5,
10,120,592,494,1,5,
10,121,593,493,"1,414213562",5,
10,122,595,492,"2,236067977",5,
10,123,599,490,"4,472135955",5,
10,124,602,488,"3,605551275",5,
10,125,602,489,1,5,
10,126,599,491,"3,605551275",5,
10,127,597,492,"2,236067977",5,
10,128,595,493,"2,236067977",5,
10,129,594,495,"2,236067977",5,
10,130,595,494,"1,414213562",5,
10,131,597,495,"2,236067977",5,
10,132,601,490,"6,403124237",5,
10,133,598,491,"3,16227766",5,
10,134,594,493,"4,472135955",5,
10,135,593,493,1,5,
10,136,596,493,3,5,
10,137,600,492,"4,123105626",5,
10,138,604,490,"4,472135955",5,
10,139,606,488,"2,828427125",5,
10,140,607,486,"2,236067977",5,
10,141,607,486,0,5,
10,142,607,485,1,5,
10,143,610,485,3,5,
10,144,615,483,"5,385164807",5,
10,145,617,483,2,5,
10,146,615,485,"2,828427125",5,
10,147,613,489,"4,472135955",5,
10,148,613,490,1,5,
10,149,614,492,"2,236067977",5,
10,150,617,492,3,5,
10,151,620,490,"3,605551275",5,
10,152,621,488,"2,236067977",5,
10,153,621,488,0,5,
10,154,620,488,1,5,
10,155,621,489,"1,414213562",5,
10,156,622,491,"2,236067977",5,
10,157,624,489,"2,828427125",5,
10,158,627,482,"7,615773106",5,
10,159,628,477,"5,099019514",5,
10,160,627,476,"1,414213562",5,
10,161,627,477,1,5,
10,162,631,475,"4,472135955",5,
10,163,639,469,10,5,
10,164,641,465,"4,472135955",5,
10,165,638,467,"3,605551275",5,
10,166,638,467,0,5,
10,167,635,471,5,5,
10,168,633,475,"4,472135955",5,
10,169,632,480,"5,099019514",5,
10,170,631,481,"1,414213562",5,
10,171,631,481,0,5,
10,172,629,482,"2,236067977",5,
10,173,627,483,"2,236067977",5,
10,174,626,483,1,5,
10,175,627,482,"1,414213562",5,
10,176,631,481,"4,123105626",5,
10,177,637,479,"6,32455532",5,
10,178,643,477,"6,32455532",5,
10,179,647,475,"4,472135955",5,
10,180,647,475,0,5,
10,181,644,477,"3,605551275",5,
10,182,641,478,"3,16227766",5,
10,183,641,478,0,5,
10,184,642,478,1,5,
10,185,641,479,"1,414213562",5,
10,186,641,478,1,5,
10,187,641,481,3,5,
10,188,642,483,"2,236067977",5,
10,189,642,484,1,5,
10,190,642,484,0,5,
10,191,643,484,1,5,
10,192,642,484,1,5,
10,193,643,485,"1,414213562",5,
10,194,644,483,"2,236067977",5,
10,195,644,483,0,5,
10,196,643,483,1,5,
10,197,644,482,"1,414213562",5,
10,198,646,481,"2,236067977",5,
10,199,647,480,"1,414213562",5,
10,200,646,481,"1,414213562",5,
10,201,644,481,2,5,
10,202,644,481,0,5,
10,203,644,481,0,5,
10,204,645,481,1,5,
10,205,647,480,"2,236067977",5,
10,206,648,478,"2,236067977",5,
10,207,648,477,1,5,
10,208,648,476,1,5,
10,209,647,477,"1,414213562",5,
10,210,647,477,0,5,
10,211,647,477,0,5,
10,212,647,477,0,5,
10,213,647,477,0,5,
10,214,648,477,1,5,
10,215,647,478,"1,414213562",5,
10,216,647,477,1,5,
10,217,646,478,"1,414213562",5,
10,218,643,479,"3,16227766",5,
10,219,642,482,"3,16227766",5,
10,220,643,483,"1,414213562",5,
10,221,645,484,"2,236067977",5,
10,222,649,483,"4,123105626",5,
10,223,655,481,"6,32455532",5,
10,224,661,477,"7,211102551",5,
10,225,665,473,"5,656854249",5,
10,226,667,469,"4,472135955",5,
10,227,667,466,3,5,
10,228,666,466,1,5,
10,229,667,462,"4,123105626",5,
10,230,665,460,"2,828427125",5,
10,231,664,460,1,5,
10,232,664,462,2,5,
10,233,672,466,"8,94427191",5,
10,234,667,468,"5,385164807",5,
10,235,667,469,1,5,
10,236,668,467,"2,236067977",5,
10,237,670,466,"2,236067977",5,
10,238,672,463,"3,605551275",5,
10,239,674,462,"2,236067977",5,
10,240,675,462,1,5,
10,241,673,464,"2,828427125",5,
10,242,675,463,"2,236067977",5,
10,243,676,464,"1,414213562",5,
10,244,677,464,1,5,
10,245,678,462,"2,236067977",5,
10,246,678,463,1,5,
10,247,679,464,"1,414213562",5,
10,248,678,467,"3,16227766",5,
10,249,681,467,3,5,
10,250,684,466,"3,16227766",5,
10,251,686,464,"2,828427125",5,
10,252,686,463,1,5,
10,253,684,462,"2,236067977",5,
10,254,682,463,"2,236067977",5,
10,255,682,464,1,5,
10,256,684,466,"2,828427125",5,
10,257,685,465,"1,414213562",5,
10,258,689,464,"4,123105626",5,
10,259,692,461,"4,242640687",5,
10,260,693,459,"2,236067977",5,
10,261,693,459,0,5,
10,262,692,461,"2,236067977",5,
10,263,692,463,2,5,
10,264,693,463,1,5,
10,265,693,463,0,5,
10,266,695,462,"2,236067977",5,
10,267,698,461,"3,16227766",5,
10,268,697,461,1,5,
10,269,698,462,"1,414213562",5,
10,270,698,463,1,5,
10,271,698,463,0,5,
10,272,700,462,"2,236067977",5,
10,273,701,462,1,5,
10,274,702,461,"1,414213562",5,
10,275,702,462,1,5,
10,276,703,464,"2,236067977",5,
10,277,705,463,"2,236067977",5,
10,278,707,463,2,5,
10,279,710,461,"3,605551275",5,
10,280,711,460,"1,414213562",5,
10,281,710,461,"1,414213562",5,
10,282,712,462,"2,236067977",5,
10,283,715,462,3,5,
10,284,719,460,"4,472135955",5,
10,285,721,457,"3,605551275",5,
10,286,720,454,"3,16227766",5,
10,287,718,451,"3,605551275",5,
10,288,710,456,"9,433981132",5,
10,289,707,459,"4,242640687",5,
10,290,711,460,"4,123105626",5,
10,291,719,455,"9,433981132",5,
10,292,722,408,"47,09564736",5,
10,293,725,406,"3,605551275",5,
10,294,725,442,36,5,
10,295,724,441,"1,414213562",5,
10,296,725,444,"3,16227766",5,
10,297,725,447,3,5,
10,298,726,450,"3,16227766",5,
10,299,725,448,"2,236067977",5,
11,0,520,530,0,5,
11,1,520,530,0,5,
11,2,517,533,"4,242640687",5,
11,3,511,535,"6,32455532",5,
11,4,510,534,"1,414213562",5,
11,5,510,534,0,5,
11,6,515,528,"7,810249676",5,
11,7,516,526,"2,236067977",5,
11,8,515,527,"1,414213562",5,
11,9,515,525,2,5,
11,10,519,522,10,5,
11,11,522,519,"4,242640687",5,
11,12,523,518,"1,414213562",5,
11,13,523,517,1,5,
11,14,524,517,1,5,
11,15,524,517,0,5,
11,16,522,516,"2,236067977",5,
11,17,522,516,0,5,
11,18,523,516,1,5,
11,19,524,520,"4,123105626",5,
11,20,522,524,"4,472135955",5,
11,21,523,527,"3,16227766",5,
11,22,523,527,0,5,
11,23,522,529,"2,236067977",5,
11,24,521,527,"2,236067977",5,
11,25,520,523,"4,123105626",5,
11,26,519,519,"4,123105626",5,
11,27,520,518,"1,414213562",5,
11,28,525,518,5,5,
11,29,529,517,"4,123105626",5,
11,30,529,516,1,5,
11,31,530,519,"3,16227766",5,
11,32,524,524,"7,810249676",5,
11,33,519,527,"5,830951895",5,
11,34,518,525,"2,236067977",5,
11,35,520,525,2,5,
11,36,524,524,"4,123105626",5,
11,37,530,523,"6,08276253",5,
11,38,530,523,0,5,
11,39,534,520,5,5,
11,40,533,521,"1,414213562",5,
11,41,532,521,1,5,
11,42,533,522,"1,414213562",5,
11,43,533,525,3,5,
11,44,533,525,0,5,
11,45,534,526,"1,414213562",5,
11,46,535,525,"1,414213562",5,
11,47,537,521,"4,472135955",5,
11,48,537,516,5,5,
11,49,534,516,3,5,
11,50,533,516,1,5,
11,51,534,516,1,5,
11,52,538,514,"4,472135955",5,
11,53,542,514,4,5,
11,54,544,515,"2,236067977",5,
11,55,543,517,"2,236067977",5,
11,56,540,517,3,5,
11,57,541,518,"1,414213562",5,
11,58,541,518,0,5,
11,59,542,521,"3,16227766",5,
11,60,542,523,2,5,
11,61,543,523,1,5,
11,62,543,523,0,5,
11,63,546,519,5,5,
11,64,548,517,"2,828427125",5,
11,65,549,517,1,5,
11,66,550,518,"1,414213562",5,
11,67,550,520,2,5,
11,68,551,521,"1,414213562",5,
11,69,554,520,"3,16227766",5,
11,70,557,516,5,5,
11,71,559,512,"4,472135955",5,
11,72,559,512,0,5,
11,73,558,513,"1,414213562",5,
11,74,558,513,0,5,
11,75,557,516,"3,16227766",5,
11,76,556,517,"1,414213562",5,
11,77,557,518,"1,414213562",5,
11,78,557,517,1,5,
11,79,562,513,"6,403124237",5,
11,80,567,508,"7,071067812",5,
11,81,567,507,1,5,
11,82,568,507,1,5,
11,83,568,507,0,5,
11,84,567,509,"2,236067977",5,
11,85,565,511,"2,828427125",5,
11,86,561,514,5,5,
11,87,561,514,0,5,
11,88,561,515,1,5,
11,89,561,515,0,5,
11,90,561,515,0,5,
11,91,573,508,"13,89244399",5,
11,92,575,507,"2,236067977",5,
11,93,580,505,"5,385164807",5,
11,94,585,504,"5,099019514",5,
11,95,588,504,3,5,
11,96,588,504,0,5,
11,97,596,502,"8,246211251",5,
11,98,596,502,0,5,
11,99,594,504,"2,828427125",5,
11,100,591,505,"3,16227766",5,
11,101,591,505,0,5,
11,102,587,506,"4,123105626",5,
11,103,586,506,1,5,
11,104,585,507,"1,414213562",5,
11,105,584,508,"1,414213562",5,
11,106,584,507,1,5,
11,107,585,508,"1,414213562",5,
11,108,584,509,"1,414213562",5,
11,109,582,512,"3,605551275",5,
11,110,582,514,2,5,
11,111,583,513,"1,414213562",5,
11,112,591,506,"10,63014581",5,
11,113,599,498,"11,3137085",5,
11,114,606,491,"9,899494937",5,
11,115,610,487,"5,656854249",5,
11,116,613,486,"3,16227766",5,
11,117,613,486,0,5,
11,118,616,484,"3,605551275",5,
11,119,616,484,0,5,
11,120,616,482,2,5,
11,121,615,483,"1,414213562",5,
11,122,612,486,"4,242640687",5,
11,123,609,488,"3,605551275",5,
11,124,606,489,"3,16227766",5,
11,125,604,490,"2,236067977",5,
11,126,603,491,"1,414213562",5,
11,127,603,491,0,5,
11,128,601,491,2,5,
11,129,600,493,"2,236067977",5,
11,130,600,493,0,5,
11,131,600,492,1,5,
11,132,600,492,0,5,
11,133,597,493,"3,16227766",5,
11,134,594,498,"5,830951895",5,
11,135,593,501,"3,16227766",5,
11,136,596,501,3,5,
11,137,600,499,"4,472135955",5,
11,138,604,496,5,5,
11,139,606,494,"2,828427125",5,
11,140,606,493,1,5,
11,141,606,493,0,5,
11,142,610,488,"6,403124237",5,
11,143,607,495,"7,615773106",5,
11,144,611,493,"4,472135955",5,
11,145,615,490,5,5,
11,146,615,489,1,5,
11,147,614,489,1,5,
11,148,614,490,1,5,
11,149,615,489,"1,414213562",5,
11,150,622,488,"7,071067812",5,
11,151,627,481,"8,602325267",5,
11,152,630,476,"5,830951895",5,
11,153,630,474,2,5,
11,154,628,476,"2,828427125",5,
11,155,628,480,4,5,
11,156,628,484,4,5,
11,157,628,484,0,5,
11,158,629,484,1,5,
11,159,627,483,"2,236067977",5,
11,160,623,481,"4,472135955",5,
11,161,624,481,1,5,
11,162,621,481,3,5,
11,163,621,482,1,5,
11,164,627,481,"6,08276253",5,
11,165,633,479,"6,32455532",5,
11,166,633,479,0,5,
11,167,639,477,"6,32455532",5,
11,168,639,480,3,5,
11,169,639,481,1,5,
11,170,641,481,2,5,
11,171,639,483,"2,828427125",5,
11,172,637,485,"2,828427125",5,
11,173,638,484,"1,414213562",5,
11,174,640,483,"2,236067977",5,
11,175,642,482,"2,236067977",5,
11,176,645,480,"3,605551275",5,
11,177,643,478,"2,828427125",5,
11,178,641,479,"2,236067977",5,
11,179,638,480,"3,16227766",5,
11,180,637,483,"3,16227766",5,
11,181,639,484,"2,236067977",5,
11,182,643,484,4,5,
11,183,645,483,"2,236067977",5,
11,184,650,480,"5,830951895",5,
11,185,652,478,"2,828427125",5,
11,186,656,473,"6,403124237",5,
11,187,657,471,"2,236067977",5,
11,188,655,474,"3,605551275",5,
11,189,655,475,1,5,
11,190,658,475,3,5,
11,191,661,475,3,5,
11,192,661,477,2,5,
11,193,659,477,2,5,
11,194,657,476,"2,236067977",5,
11,195,658,474,"2,236067977",5,
11,196,656,476,"2,828427125",5,
11,197,655,477,"1,414213562",5,
11,198,654,480,"3,16227766",5,
11,199,655,482,"2,236067977",5,
11,200,662,481,"7,071067812",5,
11,201,668,475,"8,485281374",5,
11,202,674,470,"7,810249676",5,
11,203,674,468,2,5,
11,204,672,465,"3,605551275",5,
11,205,673,460,"5,099019514",5,
11,206,676,452,"8,544003745",5,
11,207,676,443,9,5,
11,208,673,432,"11,40175425",5,
11,209,669,396,"36,22154055",5,
11,210,666,415,"19,23538406",5,
11,211,663,417,"3,605551275",5,
11,212,659,408,"9,848857802",5,
11,213,658,401,"7,071067812",5,
11,214,662,412,"11,70469991",5,
11,215,669,410,"7,280109889",5,
11,216,680,405,"12,08304597",5,
11,217,689,389,"18,35755975",5,
11,218,694,389,5,5,
11,219,693,392,"3,16227766",5,
11,220,687,396,"7,211102551",5,
11,221,686,397,"1,414213562",5,
11,222,688,398,"2,236067977",5,
11,223,693,396,"5,385164807",5,
11,224,694,395,"1,414213562",5,
11,225,693,396,"1,414213562",5,
11,226,690,396,3,5,
11,227,687,400,5,5,
11,228,686,401,"1,414213562",5,
11,229,686,399,2,5,
11,230,685,397,"2,236067977",5,
11,231,684,397,1,5,
11,232,683,397,1,5,
11,233,682,399,"2,236067977",5,
11,234,681,402,"3,16227766",5,
11,235,681,402,0,5,
11,236,680,401,"1,414213562",5,
11,237,679,402,"1,414213562",5,
11,238,679,401,1,5,
11,239,678,400,"1,414213562",5,
11,240,677,398,"2,236067977",5,
11,241,677,397,1,5,
11,242,676,396,"1,414213562",5,
11,243,676,394,2,5,
11,244,675,393,"1,414213562",5,
11,245,676,394,"1,414213562",5,
11,246,676,392,2,5,
11,247,676,393,1,5,
11,248,676,392,1,5,
11,249,676,396,4,5,
11,250,676,398,2,5,
11,251,675,402,"4,123105626",5,
11,252,675,405,3,5,
11,253,675,406,1,5,
11,254,675,408,2,5,
11,255,675,407,1,5,
11,256,675,407,0,5,
11,257,675,407,0,5,
11,258,674,404,"3,16227766",5,
11,259,673,403,"1,414213562",5,
11,260,673,404,1,5,
11,261,674,403,"1,414213562",5,
11,262,678,401,"4,472135955",5,
11,263,684,402,"6,08276253",5,
11,264,687,398,5,5,
11,265,689,396,"2,828427125",5,
11,266,688,398,"2,236067977",5,
11,267,687,401,"3,16227766",5,
11,268,687,400,1,5,
11,269,688,399,"1,414213562",5,
11,270,688,400,1,5,
11,271,686,401,"2,236067977",5,
11,272,683,402,"3,16227766",5,
11,273,682,404,"2,236067977",5,
11,274,682,405,1,5,
11,275,684,404,"2,236067977",5,
11,276,687,401,"4,242640687",5,
11,277,686,401,1,5,
11,278,686,402,1,5,
11,279,687,401,"1,414213562",5,
11,280,689,399,"2,828427125",5,
11,281,693,395,"5,656854249",5,
11,282,694,388,"7,071067812",5,
11,283,693,385,"3,16227766",5,
11,284,693,385,0,5,
11,285,693,386,1,5,
11,286,693,390,4,5,
11,287,694,391,"1,414213562",5,
11,288,696,391,2,5,
11,289,697,392,"1,414213562",5,
11,290,700,387,"5,830951895",5,
11,291,699,381,"6,08276253",5,
11,292,699,380,1,5,
11,293,699,381,1,5,
11,294,698,385,"4,123105626",5,
11,295,699,386,"1,414213562",5,
11,296,700,387,"1,414213562",5,
11,297,700,389,2,5,
11,298,704,385,"5,656854249",5,
11,299,706,379,"6,32455532",5,
11,300,707,376,"3,16227766",5,
11,301,707,375,1,5,
12,0,516,526,0,5,
12,1,516,526,0,5,
12,2,516,526,0,5,
12,3,515,525,"1,414213562",5,
12,4,516,524,"1,414213562",5,
12,5,516,523,1,5,
12,6,517,523,1,5,
12,7,518,523,1,5,
12,8,517,523,1,5,
12,9,517,524,1,5,
12,10,517,525,11,5,
12,11,517,527,2,5,
12,12,514,527,3,5,
12,13,515,527,1,5,
12,14,509,526,"6,08276253",5,
12,15,508,527,"1,414213562",5,
12,16,507,527,1,5,
12,17,508,528,"1,414213562",5,
12,18,508,529,1,5,
12,19,509,529,1,5,
12,20,509,530,1,5,
12,21,507,537,"7,280109889",5,
12,22,506,541,"4,123105626",5,
12,23,506,543,2,5,
12,24,505,542,"1,414213562",5,
12,25,505,542,0,5,
12,26,506,538,"4,123105626",5,
12,27,506,533,5,5,
12,28,502,533,4,5,
12,29,500,534,"2,236067977",5,
12,30,500,534,0,5,
12,31,501,535,"1,414213562",5,
12,32,507,531,"7,211102551",5,
12,33,515,528,"8,544003745",5,
12,34,518,528,3,5,
12,35,520,528,2,5,
12,36,520,527,1,5,
12,37,522,527,2,5,
12,38,525,530,"4,242640687",5,
12,39,528,532,"3,605551275",5,
12,40,527,533,"1,414213562",5,
12,41,527,534,1,5,
12,42,526,534,1,5,
12,43,527,534,1,5,
12,44,527,533,1,5,
12,45,523,536,5,5,
12,46,517,541,"7,810249676",5,
12,47,518,541,1,5,
12,48,521,540,"3,16227766",5,
12,49,526,536,"6,403124237",5,
12,50,528,533,"3,605551275",5,
12,51,527,535,"2,236067977",5,
12,52,527,536,1,5,
12,53,529,536,2,5,
12,54,531,535,"2,236067977",5,
12,55,536,532,"5,830951895",5,
12,56,537,531,"1,414213562",5,
12,57,537,532,1,5,
12,58,535,534,"2,828427125",5,
12,59,535,537,3,5,
12,60,535,536,1,5,
12,61,538,534,"3,605551275",5,
12,62,547,531,"9,486832981",5,
12,63,548,529,"2,236067977",5,
12,64,546,529,2,5,
12,65,546,529,0,5,
12,66,545,530,"1,414213562",5,
12,67,543,531,"2,236067977",5,
12,68,541,534,"3,605551275",5,
12,69,540,537,"3,16227766",5,
12,70,542,536,"2,236067977",5,
12,71,543,535,"1,414213562",5,
12,72,549,534,"6,08276253",5,
12,73,553,530,"5,656854249",5,
12,74,554,529,"1,414213562",5,
12,75,551,530,"3,16227766",5,
12,76,550,533,"3,16227766",5,
12,77,551,533,1,5,
12,78,554,530,"4,242640687",5,
12,79,559,528,"5,385164807",5,
12,80,569,525,"10,44030651",5,
12,81,582,521,"13,60147051",5,
12,82,583,519,"2,236067977",5,
12,83,577,523,"7,211102551",5,
12,84,578,523,1,5,
12,85,584,520,"6,708203932",5,
12,86,584,520,0,5,
12,87,586,518,"2,828427125",5,
12,88,584,518,2,5,
12,89,584,517,1,5,
12,90,586,516,"2,236067977",5,
12,91,585,516,1,5,
12,92,584,517,"1,414213562",5,
12,93,579,518,"5,099019514",5,
12,94,576,522,5,5,
12,95,577,523,"1,414213562",5,
12,96,579,524,"2,236067977",5,
12,97,583,521,5,5,
12,98,587,518,5,5,
12,99,587,518,0,5,
12,100,587,518,0,5,
12,101,585,520,"2,828427125",5,
12,102,589,520,4,5,
12,103,598,520,9,5,
12,104,610,513,"13,89244399",5,
12,105,618,509,"8,94427191",5,
12,106,620,508,"2,236067977",5,
12,107,613,510,"7,280109889",5,
12,108,612,510,1,5,
12,109,612,510,0,5,
12,110,609,511,"3,16227766",5,
12,111,605,511,4,5,
12,112,603,511,2,5,
12,113,600,512,"3,16227766",5,
12,114,597,513,"3,16227766",5,
12,115,596,513,1,5,
12,116,598,514,"2,236067977",5,
12,117,601,515,"3,16227766",5,
12,118,606,517,"5,385164807",5,
12,119,612,514,"6,708203932",5,
12,120,620,509,"9,433981132",5,
12,121,626,507,"6,32455532",5,
12,122,624,509,"2,828427125",5,
12,123,620,511,"4,472135955",5,
12,124,616,512,"4,123105626",5,
12,125,617,513,"1,414213562",5,
12,126,616,512,"1,414213562",5,
12,127,621,509,"5,830951895",5,
12,128,626,503,"7,810249676",5,
12,129,628,496,"7,280109889",5,
12,130,625,493,"4,242640687",5,
12,131,623,495,"2,828427125",5,
12,132,621,501,"6,32455532",5,
12,133,621,507,6,5,
12,134,624,509,"3,605551275",5,
12,135,627,510,"3,16227766",5,
12,136,627,510,0,5,
12,137,629,511,"2,236067977",5,
12,138,628,508,"3,16227766",5,
12,139,624,509,"4,123105626",5,
12,140,620,511,"4,472135955",5,
12,141,621,513,"2,236067977",5,
12,142,623,512,"2,236067977",5,
12,143,626,512,3,5,
12,144,625,510,"2,236067977",5,
12,145,624,510,1,5,
12,146,625,509,"1,414213562",5,
12,147,629,509,4,5,
12,148,634,509,5,5,
12,149,639,507,"5,385164807",5,
12,150,641,507,2,5,
12,151,639,507,2,5,
12,152,639,506,1,5,
12,153,639,507,1,5,
12,154,639,509,2,5,
12,155,639,509,0,5,
12,156,643,512,5,5,
12,157,642,513,"1,414213562",5,
12,158,644,513,2,5,
12,159,646,513,2,5,
12,160,647,511,"2,236067977",5,
12,161,648,511,1,5,
12,162,648,510,1,5,
12,163,647,510,1,5,
12,164,646,510,1,5,
12,165,645,510,1,5,
12,166,645,510,0,5,
12,167,645,510,0,5,
12,168,644,512,"2,236067977",5,
12,169,644,513,1,5,
12,170,645,514,"1,414213562",5,
12,171,647,515,"2,236067977",5,
12,172,653,515,6,5,
12,173,658,514,"5,099019514",5,
12,174,663,513,"5,099019514",5,
12,175,662,511,"2,236067977",5,
12,176,662,511,0,5,
12,177,661,512,"1,414213562",5,
12,178,660,511,"1,414213562",5,
12,179,660,511,0,5,
12,180,660,511,0,5,
12,181,661,513,"2,236067977",5,
12,182,664,513,3,5,
12,183,669,512,"5,099019514",5,
12,184,670,514,"2,236067977",5,
12,185,670,512,2,5,
12,186,668,513,"2,236067977",5,
12,187,669,512,"1,414213562",5,
12,188,667,511,"2,236067977",5,
12,189,667,511,0,5,
12,190,663,509,"4,472135955",5,
12,191,659,510,"4,123105626",5,
12,192,658,512,"2,236067977",5,
12,193,660,513,"2,236067977",5,
12,194,664,514,"4,123105626",5,
12,195,666,513,"2,236067977",5,
12,196,665,512,"1,414213562",5,
12,197,665,513,1,5,
12,198,666,512,"1,414213562",5,
12,199,668,513,"2,236067977",5,
12,200,672,513,4,5,
12,201,675,514,"3,16227766",5,
12,202,680,514,5,5,
12,203,685,512,"5,385164807",5,
12,204,687,511,"2,236067977",5,
12,205,685,510,"2,236067977",5,
12,206,682,512,"3,605551275",5,
12,207,682,511,1,5,
12,208,683,511,1,5,
12,209,682,509,"2,236067977",5,
12,210,680,508,"2,236067977",5,
12,211,676,509,"4,123105626",5,
12,212,674,512,"3,605551275",5,
12,213,675,512,1,5,
12,214,678,513,"3,16227766",5,
12,215,681,509,5,5,
12,216,682,503,"6,08276253",5,
12,217,679,501,"3,605551275",5,
12,218,676,501,3,5,
12,219,676,505,4,5,
12,220,676,509,4,5,
12,221,681,511,"5,385164807",5,
12,222,684,511,3,5,
12,223,690,510,"6,08276253",5,
12,224,696,510,6,5,
12,225,694,511,"2,236067977",5,
12,226,689,512,"5,099019514",5,
12,227,688,513,"1,414213562",5,
12,228,686,515,"2,828427125",5,
12,229,685,518,"3,16227766",5,
12,230,685,519,1,5,
12,231,685,519,0,5,
12,232,692,519,7,5,
12,233,708,505,"21,26029163",5,
12,234,673,431,"81,85963596",5,
12,235,721,467,60,5,
12,236,724,435,"32,14031736",5,
12,237,733,435,9,5,
12,238,727,419,"17,08800749",5,
12,239,745,403,"24,08318916",5,
12,240,743,396,"7,280109889",5,
12,241,741,404,"8,246211251",5,
12,242,737,408,"5,656854249",5,
12,243,733,410,"4,472135955",5,
12,244,734,405,"5,099019514",5,
12,245,729,420,"15,8113883",5,
12,246,724,412,"9,433981132",5,
12,247,722,424,"12,16552506",5,
12,248,715,415,"11,40175425",5,
12,249,715,371,44,5,
12,250,718,374,"4,242640687",5,
12,251,723,375,"5,099019514",5,
12,252,715,413,"38,83297568",5,
12,253,714,404,"9,055385138",5,
12,254,713,407,"3,16227766",5,
12,255,717,380,"27,29468813",5,
12,256,722,380,5,5,
12,257,723,386,"6,08276253",5,
12,258,720,428,"42,10700654",5,
12,259,729,376,"52,77309921",5,
12,260,722,429,"53,46026562",5,
12,261,730,379,"50,6359556",5,
12,262,724,415,"36,49657518",5,
12,263,726,417,"2,828427125",5,
12,264,730,423,"7,211102551",5,
12,265,731,424,"1,414213562",5,
12,266,741,431,"12,20655562",5,
12,267,728,417,"19,10497317",5,
12,268,727,415,"2,236067977",5,
12,269,728,422,"7,071067812",5,
12,270,740,432,"15,62049935",5,
12,271,732,435,"8,544003745",5,
12,272,730,433,"2,828427125",5,
12,273,727,425,"8,544003745",5,
12,274,746,438,"23,02172887",5,
12,275,733,430,"15,26433752",5,
12,276,736,429,"3,16227766",5,
12,277,735,436,"7,071067812",5,
12,278,733,421,"15,13274595",5,
12,279,734,434,"13,03840481",5,
12,280,735,431,"3,16227766",5,
12,281,737,435,"4,472135955",5,
12,282,738,432,"3,16227766",5,
12,283,737,424,"8,062257748",5,
12,284,735,420,"4,472135955",5,
12,285,734,408,"12,04159458",5,
12,286,741,423,"16,55294536",5,
12,287,747,432,"10,81665383",5,
12,288,748,431,"1,414213562",5,
12,289,744,430,"4,123105626",5,
12,290,742,424,"6,32455532",5,
12,291,742,426,2,5,
12,292,742,428,2,5,
12,293,742,431,3,5,
12,294,744,430,"2,236067977",5,
12,295,746,427,"3,605551275",5,
12,296,747,428,"1,414213562",5,
12,297,747,427,1,5,
12,298,748,429,"2,236067977",5,
12,299,749,430,"1,414213562",5,
12,300,752,431,"3,16227766",5,
13,0,560,434,0,1,
13,1,560,434,0,1,
13,2,559,434,1,1,
13,3,559,436,2,1,
13,4,558,436,1,1,
13,5,558,437,1,1,
13,6,557,438,"1,414213562",1,
13,7,557,439,1,1,
13,8,557,439,0,1,
13,9,557,439,0,1,
13,10,556,444,"5,099019514",1,
13,11,556,447,12,1,
13,12,556,448,1,1,
13,13,557,449,"1,414213562",1,
13,14,559,449,2,1,
13,15,561,445,"4,472135955",1,
13,16,563,442,"3,605551275",1,
13,17,562,442,1,1,
13,18,563,441,"1,414213562",1,
13,19,564,441,1,1,
13,20,563,441,1,1,
13,21,561,441,2,1,
13,22,560,442,"1,414213562",1,
13,23,560,442,0,1,
13,24,560,445,3,1,
13,25,561,446,"1,414213562",1,
13,26,562,444,"2,236067977",1,
13,27,564,443,"2,236067977",1,
13,28,566,442,"2,236067977",1,
13,29,565,442,1,1,
13,30,563,443,"2,236067977",1,
13,31,563,442,1,1,
13,32,563,443,1,1,
13,33,563,443,0,1,
13,34,562,444,"1,414213562",1,
13,35,561,446,"2,236067977",1,
13,36,561,448,2,1,
13,37,561,449,1,1,
13,38,562,449,1,1,
13,39,564,448,"2,236067977",1,
13,40,566,446,"2,828427125",1,
13,41,567,443,"3,16227766",1,
13,42,567,442,1,1,
13,43,567,443,1,1,
13,44,568,443,1,1,
13,45,567,443,1,1,
13,46,568,444,"1,414213562",1,
13,47,569,445,"1,414213562",1,
13,48,572,445,3,1,
13,49,575,442,"4,242640687",1,
13,50,578,436,"6,708203932",1,
13,51,578,436,0,1,
13,52,576,439,"3,605551275",1,
13,53,574,440,"2,236067977",1,
13,54,574,440,0,1,
13,55,574,440,0,1,
13,56,574,440,0,1,
13,57,574,438,2,1,
13,58,575,437,"1,414213562",1,
13,59,579,435,"4,472135955",1,
13,60,580,433,"2,236067977",1,
13,61,581,433,1,1,
13,62,580,433,1,1,
13,63,580,434,1,1,
13,64,579,436,"2,236067977",1,
13,65,581,437,"2,236067977",1,
13,66,581,438,1,1,
13,67,584,438,3,1,
13,68,588,435,5,1,
13,69,592,430,"6,403124237",1,
13,70,592,430,0,1,
13,71,588,435,"6,403124237",1,
13,72,586,437,"2,828427125",1,
13,73,587,435,"2,236067977",1,
13,74,589,435,2,1,
13,75,591,433,"2,828427125",1,
13,76,592,430,"3,16227766",1,
13,77,591,431,"1,414213562",1,
13,78,588,434,"4,242640687",1,
13,79,586,436,"2,828427125",1,
13,80,587,436,1,1,
13,81,590,435,"3,16227766",1,
13,82,597,431,"8,062257748",1,
13,83,601,427,"5,656854249",1,
13,84,602,422,"5,099019514",1,
13,85,602,422,0,1,
13,86,600,423,"2,236067977",1,
13,87,597,425,"3,605551275",1,
13,88,593,427,"4,472135955",1,
13,89,592,426,"1,414213562",1,
13,90,592,427,1,1,
13,91,594,426,"2,236067977",1,
13,92,597,424,"3,605551275",1,
13,93,598,424,1,1,
13,94,603,420,"6,403124237",1,
13,95,603,421,1,1,
13,96,603,422,1,1,
13,97,601,425,"3,605551275",1,
13,98,600,426,"1,414213562",1,
13,99,600,427,1,1,
13,100,601,426,"1,414213562",1,
13,101,604,426,3,1,
13,102,607,426,3,1,
13,103,607,424,2,1,
13,104,608,422,"2,236067977",1,
13,105,609,421,"1,414213562",1,
13,106,609,421,0,1,
13,107,613,417,"5,656854249",1,
13,108,620,407,"12,20655562",1,
13,109,630,394,"16,40121947",1,
13,110,635,382,13,1,
13,111,634,376,"6,08276253",1,
13,112,633,371,"5,099019514",1,
13,113,631,365,"6,32455532",1,
13,114,629,359,"6,32455532",1,
13,115,644,321,"40,85339643",1,
13,116,633,341,"22,82542442",1,
13,117,630,346,"5,830951895",1,
13,118,630,353,7,1,
13,119,627,365,"12,36931688",1,
13,120,623,380,"15,5241747",1,
13,121,620,387,"7,615773106",1,
13,122,620,389,2,1,
13,123,620,391,2,1,
13,124,621,392,"1,414213562",1,
13,125,621,393,1,1,
13,126,623,392,"2,236067977",1,
13,127,625,392,2,1,
13,128,624,391,"1,414213562",1,
13,129,624,391,0,1,
13,130,623,392,"1,414213562",1,
13,131,623,392,0,1,
13,132,623,393,1,1,
13,133,623,393,0,1,
13,134,621,393,2,1,
13,135,621,394,1,1,
13,136,620,394,1,1,
13,137,620,394,0,1,
13,138,620,394,0,1,
13,139,620,395,1,1,
13,140,620,394,1,1,
13,141,619,395,"1,414213562",1,
13,142,619,396,1,1,
13,143,619,395,1,1,
13,144,619,396,1,1,
13,145,619,395,1,1,
13,146,619,395,0,1,
13,147,620,395,1,1,
13,148,620,394,1,1,
13,149,619,395,"1,414213562",1,
13,150,619,396,1,1,
13,151,618,397,"1,414213562",1,
13,152,618,398,1,1,
13,153,618,397,1,1,
13,154,618,398,1,1,
13,155,620,396,"2,828427125",1,
13,156,620,396,0,1,
13,157,620,395,1,1,
13,158,619,397,"2,236067977",1,
13,159,617,398,"2,236067977",1,
13,160,617,398,0,1,
13,161,616,398,1,1,
13,162,617,399,"1,414213562",1,
13,163,617,398,1,1,
13,164,617,399,1,1,
13,165,616,399,1,1,
13,166,615,398,"1,414213562",1,
13,167,615,399,1,1,
13,168,615,399,0,1,
13,169,615,400,1,1,
13,170,615,400,0,1,
13,171,615,401,1,1,
13,172,616,402,"1,414213562",1,
13,173,618,401,"2,236067977",1,
13,174,620,400,"2,236067977",1,
13,175,621,398,"2,236067977",1,
13,176,619,397,"2,236067977",1,
13,177,617,399,"2,828427125",1,
13,178,616,400,"1,414213562",1,
13,179,616,400,0,1,
13,180,616,399,1,1,
13,181,618,398,"2,236067977",1,
13,182,622,396,"4,472135955",1,
13,183,628,390,"8,485281374",1,
13,184,632,382,"8,94427191",1,
13,185,634,377,"5,385164807",1,
13,186,633,377,1,1,
13,187,632,378,"1,414213562",1,
13,188,630,378,2,1,
13,189,630,380,2,1,
13,190,630,381,1,1,
13,191,630,386,5,1,
13,192,632,386,2,1,
13,193,632,389,3,1,
13,194,632,389,0,1,
13,195,635,387,"3,605551275",1,
13,196,637,383,"4,472135955",1,
13,197,638,383,1,1,
13,198,636,384,"2,236067977",1,
13,199,636,384,0,1,
13,200,636,382,2,1,
13,201,636,385,3,1,
13,202,637,385,1,1,
13,203,638,384,"1,414213562",1,
13,204,637,381,"3,16227766",1,
13,205,636,378,"3,16227766",1,
13,206,635,379,"1,414213562",1,
13,207,636,379,1,1,
13,208,638,380,"2,236067977",1,
13,209,641,380,3,1,
13,210,642,380,1,1,
13,211,642,381,1,1,
13,212,641,380,"1,414213562",1,
13,213,641,382,2,1,
13,214,641,383,1,1,
13,215,641,383,0,1,
13,216,641,383,0,1,
13,217,642,382,"1,414213562",1,
13,218,644,383,"2,236067977",1,
13,219,647,382,"3,16227766",1,
13,220,648,379,"3,16227766",1,
13,221,649,380,"1,414213562",1,
13,222,649,379,1,1,
13,223,650,379,1,1,
13,224,650,380,1,1,
13,225,650,380,0,1,
13,226,649,380,1,1,
13,227,648,381,"1,414213562",1,
13,228,648,382,1,1,
13,229,646,382,2,1,
13,230,645,384,"2,236067977",1,
13,231,645,387,3,1,
13,232,646,386,"1,414213562",1,
13,233,650,382,"5,656854249",1,
13,234,655,385,"5,830951895",1,
13,235,659,378,"8,062257748",1,
13,236,664,371,"8,602325267",1,
13,237,664,368,3,1,
13,238,660,374,"7,211102551",1,
13,239,659,377,"3,16227766",1,
13,240,660,374,"3,16227766",1,
13,241,659,374,1,1,
13,242,657,375,"2,236067977",1,
13,243,655,374,"2,236067977",1,
13,244,653,380,"6,32455532",1,
13,245,655,378,"2,828427125",1,
13,246,657,377,"2,236067977",1,
13,247,659,378,"2,236067977",1,
13,248,658,378,1,1,
13,249,659,378,1,1,
13,250,660,378,1,1,
13,251,664,378,4,1,
13,252,667,373,"5,830951895",1,
13,253,668,370,"3,16227766",1,
13,254,667,369,"1,414213562",1,
13,255,665,370,"2,236067977",1,
13,256,665,370,0,1,
13,257,665,371,1,1,
13,258,665,374,3,1,
13,259,666,372,"2,236067977",1,
13,260,666,374,2,1,
13,261,666,374,0,1,
13,262,668,372,"2,828427125",1,
13,263,668,371,1,1,
13,264,668,371,0,1,
13,265,669,371,1,1,
13,266,669,372,1,1,
13,267,670,371,"1,414213562",1,
13,268,671,368,"3,16227766",1,
13,269,671,369,1,1,
13,270,671,370,1,1,
13,271,671,371,1,1,
13,272,672,371,1,1,
13,273,674,370,"2,236067977",1,
13,274,675,369,"1,414213562",1,
13,275,676,367,"2,236067977",1,
13,276,675,365,"2,236067977",1,
13,277,674,365,1,1,
13,278,674,365,0,1,
13,279,674,365,0,1,
13,280,676,365,2,1,
13,281,679,365,3,1,
13,282,684,362,"5,830951895",1,
13,283,691,356,"9,219544457",1,
13,284,696,350,"7,810249676",1,
13,285,696,345,5,1,
13,286,696,345,0,1,
13,287,693,345,3,1,
13,288,690,345,3,1,
13,289,690,345,0,1,
13,290,687,347,"3,605551275",1,
13,291,687,347,0,1,
13,292,688,347,1,1,
13,293,690,347,2,1,
13,294,691,346,"1,414213562",1,
13,295,692,345,"1,414213562",1,
13,296,692,345,0,1,
13,297,691,343,"2,236067977",1,
13,298,690,343,1,1,
13,299,690,344,1,1,
13,300,690,344,0,1,
14,0,573,461,0,2,
14,1,571,460,"2,236067977",2,
14,2,571,461,1,2,
14,3,571,461,0,2,
14,4,570,463,"2,236067977",2,
14,5,570,463,0,2,
14,6,569,463,1,2,
14,7,569,464,1,2,
14,8,569,464,0,2,
14,9,569,464,0,2,
14,10,569,464,0,2,
14,11,569,465,1,2,
14,12,568,466,13,2,
14,13,567,470,"4,123105626",2,
14,14,565,471,"2,236067977",2,
14,15,566,471,1,2,
14,16,565,471,1,2,
14,17,565,472,1,2,
14,18,564,472,1,2,
14,19,564,471,1,2,
14,20,563,470,"1,414213562",2,
14,21,563,470,0,2,
14,22,564,469,"1,414213562",2,
14,23,566,468,"2,236067977",2,
14,24,567,467,"1,414213562",2,
14,25,569,466,"2,236067977",2,
14,26,569,466,0,2,
14,27,568,470,"4,123105626",2,
14,28,566,475,"5,385164807",2,
14,29,567,477,"2,236067977",2,
14,30,568,475,"2,236067977",2,
14,31,573,472,"5,830951895",2,
14,32,575,467,"5,385164807",2,
14,33,575,466,1,2,
14,34,575,467,1,2,
14,35,575,466,1,2,
14,36,575,468,2,2,
14,37,576,468,1,2,
14,38,575,469,"1,414213562",2,
14,39,576,470,"1,414213562",2,
14,40,578,468,"2,828427125",2,
14,41,579,468,1,2,
14,42,579,467,1,2,
14,43,576,467,3,2,
14,44,573,470,"4,242640687",2,
14,45,572,471,"1,414213562",2,
14,46,573,472,"1,414213562",2,
14,47,577,470,"4,472135955",2,
14,48,585,464,10,2,
14,49,592,459,"8,602325267",2,
14,50,592,460,1,2,
14,51,613,447,"24,69817807",2,
14,52,618,444,"5,830951895",2,
14,53,610,449,"9,433981132",2,
14,54,605,452,"5,830951895",2,
14,55,605,452,0,2,
14,56,602,451,"3,16227766",2,
14,57,600,452,"2,236067977",2,
14,58,599,454,"2,236067977",2,
14,59,598,455,"1,414213562",2,
14,60,598,457,2,2,
14,61,596,460,"3,605551275",2,
14,62,597,461,"1,414213562",2,
14,63,597,462,1,2,
14,64,599,461,"2,236067977",2,
14,65,600,457,"4,123105626",2,
14,66,603,455,"3,605551275",2,
14,67,603,454,1,2,
14,68,603,455,1,2,
14,69,603,455,0,2,
14,70,606,455,3,2,
14,71,606,455,0,2,
14,72,609,451,5,2,
14,73,613,447,"5,656854249",2,
14,74,610,449,"3,605551275",2,
14,75,608,452,"3,605551275",2,
14,76,608,453,1,2,
14,77,616,452,"8,062257748",2,
14,78,612,452,4,2,
14,79,612,449,3,2,
14,80,613,445,"4,123105626",2,
14,81,612,443,"2,236067977",2,
14,82,610,443,2,2,
14,83,609,444,"1,414213562",2,
14,84,609,445,1,2,
14,85,611,444,"2,236067977",2,
14,86,611,443,1,2,
14,87,619,435,"11,3137085",2,
14,88,634,418,"22,6715681",2,
14,89,623,438,"22,82542442",2,
14,90,625,437,"2,236067977",2,
14,91,633,427,"12,80624847",2,
14,92,633,428,1,2,
14,93,639,428,6,2,
14,94,638,424,"4,123105626",2,
14,95,644,428,"7,211102551",2,
14,96,638,435,"9,219544457",2,
14,97,629,436,"9,055385138",2,
14,98,630,432,"4,123105626",2,
14,99,639,428,"9,848857802",2,
14,100,627,436,"14,4222051",2,
14,101,628,436,1,2,
14,102,630,434,"2,828427125",2,
14,103,626,436,"4,472135955",2,
14,104,625,437,"1,414213562",2,
14,105,624,438,"1,414213562",2,
14,106,624,438,0,2,
14,107,624,438,0,2,
14,108,625,438,1,2,
14,109,625,439,1,2,
14,110,625,438,1,2,
14,111,628,434,5,2,
14,112,629,431,"3,16227766",2,
14,113,625,440,"9,848857802",2,
14,114,626,439,"1,414213562",2,
14,115,627,438,"1,414213562",2,
14,116,623,440,"4,472135955",2,
14,117,618,443,"5,830951895",2,
14,118,619,447,"4,123105626",2,
14,119,620,447,1,2,
14,120,623,447,3,2,
14,121,626,446,"3,16227766",2,
14,122,631,442,"6,403124237",2,
14,123,637,437,"7,810249676",2,
14,124,639,436,"2,236067977",2,
14,125,642,425,"11,40175425",2,
14,126,636,439,"15,23154621",2,
14,127,636,439,0,2,
14,128,643,426,"14,76482306",2,
14,129,639,435,"9,848857802",2,
14,130,634,440,"7,071067812",2,
14,131,631,441,"3,16227766",2,
14,132,631,442,1,2,
14,133,631,444,2,2,
14,134,633,443,"2,236067977",2,
14,135,635,443,2,2,
14,136,636,442,"1,414213562",2,
14,137,636,441,1,2,
14,138,637,442,"1,414213562",2,
14,139,640,440,"3,605551275",2,
14,140,646,435,"7,810249676",2,
14,141,652,429,"8,485281374",2,
14,142,655,427,"3,605551275",2,
14,143,655,427,0,2,
14,144,651,430,5,2,
14,145,649,431,"2,236067977",2,
14,146,649,429,2,2,
14,147,648,430,"1,414213562",2,
14,148,649,433,"3,16227766",2,
14,149,648,437,"4,123105626",2,
14,150,648,442,5,2,
14,151,649,441,"1,414213562",2,
14,152,648,438,"3,16227766",2,
14,153,651,430,"8,544003745",2,
14,154,653,427,"3,605551275",2,
14,155,650,429,"3,605551275",2,
14,156,649,429,1,2,
14,157,647,429,2,2,
14,158,647,430,1,2,
14,159,647,429,1,2,
14,160,650,428,"3,16227766",2,
14,161,653,428,3,2,
14,162,652,429,"1,414213562",2,
14,163,649,431,"3,605551275",2,
14,164,649,429,2,2,
14,165,649,432,3,2,
14,166,650,432,1,2,
14,167,653,430,"3,605551275",2,
14,168,658,426,"6,403124237",2,
14,169,662,423,5,2,
14,170,662,423,0,2,
14,171,660,424,"2,236067977",2,
14,172,658,425,"2,236067977",2,
14,173,655,427,"3,605551275",2,
14,174,654,427,1,2,
14,175,656,427,2,2,
14,176,657,426,"1,414213562",2,
14,177,659,426,2,2,
14,178,660,424,"2,236067977",2,
14,179,661,422,"2,236067977",2,
14,180,659,423,"2,236067977",2,
14,181,656,425,"3,605551275",2,
14,182,654,426,"2,236067977",2,
14,183,654,428,2,2,
14,184,655,428,1,2,
14,185,658,429,"3,16227766",2,
14,186,660,428,"2,236067977",2,
14,187,662,426,"2,828427125",2,
14,188,664,422,"4,472135955",2,
14,189,668,417,"6,403124237",2,
14,190,667,417,1,2,
14,191,670,413,5,2,
14,192,673,411,"3,605551275",2,
14,193,681,407,"8,94427191",2,
14,194,688,403,"8,062257748",2,
14,195,688,404,1,2,
14,196,686,407,"3,605551275",2,
14,197,686,408,1,2,
14,198,685,407,"1,414213562",2,
14,199,683,409,"2,828427125",2,
14,200,681,409,2,2,
14,201,680,409,1,2,
14,202,680,408,1,2,
14,203,681,408,1,2,
14,204,680,409,"1,414213562",2,
14,205,680,408,1,2,
14,206,681,408,1,2,
14,207,681,408,0,2,
14,208,682,407,"1,414213562",2,
14,209,682,407,0,2,
14,210,681,405,"2,236067977",2,
14,211,679,403,"2,828427125",2,
14,212,677,400,"3,605551275",2,
14,213,675,398,"2,828427125",2,
14,214,675,396,2,2,
14,215,672,398,"3,605551275",2,
14,216,673,398,1,2,
14,217,674,397,"1,414213562",2,
14,218,672,399,"2,828427125",2,
14,219,671,400,"1,414213562",2,
14,220,670,400,1,2,
14,221,670,401,1,2,
14,222,671,402,"1,414213562",2,
14,223,671,403,1,2,
14,224,672,403,1,2,
14,225,673,404,"1,414213562",2,
14,226,677,400,"5,656854249",2,
14,227,678,399,"1,414213562",2,
14,228,677,401,"2,236067977",2,
14,229,677,400,1,2,
14,230,678,399,"1,414213562",2,
14,231,678,400,1,2,
14,232,676,400,2,2,
14,233,676,401,1,2,
14,234,675,404,"3,16227766",2,
14,235,677,405,"2,236067977",2,
14,236,681,402,5,2,
14,237,682,403,"1,414213562",2,
14,238,682,401,2,2,
14,239,682,400,1,2,
14,240,681,400,1,2,
14,241,680,403,"3,16227766",2,
14,242,681,404,"1,414213562",2,
14,243,684,404,3,2,
14,244,685,405,"1,414213562",2,
14,245,687,405,2,2,
14,246,686,403,"2,236067977",2,
14,247,686,404,1,2,
14,248,686,404,0,2,
14,249,687,405,"1,414213562",2,
14,250,688,405,1,2,
14,251,691,405,3,2,
14,252,694,403,"3,605551275",2,
14,253,695,399,"4,123105626",2,
14,254,691,399,4,2,
14,255,689,399,2,2,
14,256,689,399,0,2,
14,257,688,397,"2,236067977",2,
14,258,688,398,1,2,
14,259,688,398,0,2,
14,260,687,399,"1,414213562",2,
14,261,688,399,1,2,
14,262,688,398,1,2,
14,263,688,399,1,2,
14,264,689,402,"3,16227766",2,
14,265,690,405,"3,16227766",2,
14,266,690,407,2,2,
14,267,691,406,"1,414213562",2,
14,268,691,407,1,2,
14,269,693,405,"2,828427125",2,
14,270,696,403,"3,605551275",2,
14,271,696,403,0,2,
14,272,695,404,"1,414213562",2,
14,273,696,404,1,2,
14,274,696,405,1,2,
14,275,695,404,"1,414213562",2,
14,276,694,405,"1,414213562",2,
14,277,694,406,1,2,
14,278,695,405,"1,414213562",2,
14,279,695,406,1,2,
14,280,696,406,1,2,
14,281,696,408,2,2,
14,282,696,407,1,2,
14,283,696,406,1,2,
14,284,695,405,"1,414213562",2,
14,285,695,404,1,2,
14,286,694,404,1,2,
14,287,694,405,1,2,
14,288,694,403,2,2,
14,289,691,404,"3,16227766",2,
14,290,690,404,1,2,
14,291,689,406,"2,236067977",2,
14,292,691,407,"2,236067977",2,
14,293,694,407,3,2,
14,294,696,405,"2,828427125",2,
14,295,694,406,"2,236067977",2,
14,296,694,407,1,2,
14,297,697,405,"3,605551275",2,
14,298,702,406,"5,099019514",2,
15,0,540,440,0,3,
15,1,540,440,0,3,
15,2,539,440,1,3,
15,3,543,447,"8,062257748",3,
15,4,541,447,2,3,
15,5,535,443,"7,211102551",3,
15,6,533,445,"2,828427125",3,
15,7,533,447,2,3,
15,8,542,451,"9,848857802",3,
15,9,542,454,3,3,
15,10,534,448,10,3,
15,11,541,451,"7,615773106",3,
15,12,537,449,"4,472135955",3,
15,13,538,451,"2,236067977",3,
15,14,542,455,"5,656854249",3,
15,15,536,451,14,3,
15,16,540,456,"6,403124237",3,
15,17,541,458,"2,236067977",3,
15,18,542,458,1,3,
15,19,541,460,"2,236067977",3,
15,20,541,459,1,3,
15,21,540,457,"2,236067977",3,
15,22,540,458,1,3,
15,23,540,458,0,3,
15,24,540,457,1,3,
15,25,540,457,0,3,
15,26,539,457,1,3,
15,27,539,458,1,3,
15,28,539,459,1,3,
15,29,539,459,0,3,
15,30,538,457,"2,236067977",3,
15,31,537,457,1,3,
15,32,537,457,0,3,
15,33,537,458,1,3,
15,34,536,459,"1,414213562",3,
15,35,537,459,1,3,
15,36,537,464,5,3,
15,37,538,473,"9,055385138",3,
15,38,536,478,"5,385164807",3,
15,39,536,479,1,3,
15,40,535,479,1,3,
15,41,536,477,"2,236067977",3,
15,42,538,469,"8,246211251",3,
15,43,538,467,2,3,
15,44,535,466,"3,16227766",3,
15,45,533,466,2,3,
15,46,534,466,1,3,
15,47,534,466,0,3,
15,48,537,463,"4,242640687",3,
15,49,541,462,"4,123105626",3,
15,50,543,462,2,3,
15,51,542,465,"3,16227766",3,
15,52,540,469,"4,472135955",3,
15,53,537,470,"3,16227766",3,
15,54,538,470,1,3,
15,55,542,468,"4,472135955",3,
15,56,547,462,"7,810249676",3,
15,57,548,457,"5,099019514",3,
15,58,546,460,"3,605551275",3,
15,59,547,461,"1,414213562",3,
15,60,547,460,1,3,
15,61,547,463,3,3,
15,62,547,463,0,3,
15,63,549,461,"2,828427125",3,
15,64,551,457,"4,472135955",3,
15,65,549,457,2,3,
15,66,544,458,"5,099019514",3,
15,67,543,460,"2,236067977",3,
15,68,545,461,"2,236067977",3,
15,69,551,460,"6,08276253",3,
15,70,559,453,"10,63014581",3,
15,71,570,443,"14,86606875",3,
15,72,578,435,"11,3137085",3,
15,73,581,429,"6,708203932",3,
15,74,580,431,"2,236067977",3,
15,75,579,434,"3,16227766",3,
15,76,576,440,"6,708203932",3,
15,77,573,439,"3,16227766",3,
15,78,573,439,0,3,
15,79,573,439,0,3,
15,80,574,437,"2,236067977",3,
15,81,574,436,1,3,
15,82,573,437,"1,414213562",3,
15,83,573,438,1,3,
15,84,570,442,5,3,
15,85,569,448,"6,08276253",3,
15,86,570,449,"1,414213562",3,
15,87,570,452,3,3,
15,88,570,453,1,3,
15,89,570,452,1,3,
15,90,570,450,2,3,
15,91,567,450,3,3,
15,92,567,452,2,3,
15,93,569,451,"2,236067977",3,
15,94,574,448,"5,830951895",3,
15,95,576,444,"4,472135955",3,
15,96,580,442,"4,472135955",3,
15,97,581,439,"3,16227766",3,
15,98,581,439,0,3,
15,99,581,438,1,3,
15,100,581,437,1,3,
15,101,580,439,"2,236067977",3,
15,102,579,439,1,3,
15,103,580,439,1,3,
15,104,582,437,"2,828427125",3,
15,105,586,433,"5,656854249",3,
15,106,586,431,2,3,
15,107,585,432,"1,414213562",3,
15,108,583,433,"2,236067977",3,
15,109,580,436,"4,242640687",3,
15,110,581,437,"1,414213562",3,
15,111,583,436,"2,236067977",3,
15,112,586,436,3,3,
15,113,590,433,5,3,
15,114,593,428,"5,830951895",3,
15,115,595,425,"3,605551275",3,
15,116,597,423,"2,828427125",3,
15,117,598,423,1,3,
15,118,601,422,"3,16227766",3,
15,119,605,421,"4,123105626",3,
15,120,608,420,"3,16227766",3,
15,121,611,417,"4,242640687",3,
15,122,609,418,"2,236067977",3,
15,123,606,419,"3,16227766",3,
15,124,604,421,"2,828427125",3,
15,125,602,422,"2,236067977",3,
15,126,601,423,"1,414213562",3,
15,127,601,424,1,3,
15,128,602,425,"1,414213562",3,
15,129,604,424,"2,236067977",3,
15,130,606,423,"2,236067977",3,
15,131,606,421,2,3,
15,132,604,420,"2,236067977",3,
15,133,600,423,5,3,
15,134,599,424,"1,414213562",3,
15,135,600,426,"2,236067977",3,
15,136,600,426,0,3,
15,137,605,425,"5,099019514",3,
15,138,609,421,"5,656854249",3,
15,139,612,417,5,3,
15,140,612,415,2,3,
15,141,610,417,"2,828427125",3,
15,142,609,417,1,3,
15,143,607,417,2,3,
15,144,606,418,"1,414213562",3,
15,145,607,419,"1,414213562",3,
15,146,610,420,"3,16227766",3,
15,147,612,419,"2,236067977",3,
15,148,614,420,"2,236067977",3,
15,149,614,421,1,3,
15,150,612,422,"2,236067977",3,
15,151,611,423,"1,414213562",3,
15,152,611,423,0,3,
15,153,614,422,"3,16227766",3,
15,154,622,417,"9,433981132",3,
15,155,630,409,"11,3137085",3,
15,156,635,405,"6,403124237",3,
15,157,635,404,1,3,
15,158,632,405,"3,16227766",3,
15,159,632,405,0,3,
15,160,632,404,1,3,
15,161,630,403,"2,236067977",3,
15,162,629,402,"1,414213562",3,
15,163,627,401,"2,236067977",3,
15,164,626,400,"1,414213562",3,
15,165,625,399,"1,414213562",3,
15,166,624,399,1,3,
15,167,624,400,1,3,
15,168,625,399,"1,414213562",3,
15,169,626,399,1,3,
15,170,626,399,0,3,
15,171,626,400,1,3,
15,172,626,402,2,3,
15,173,627,405,"3,16227766",3,
15,174,628,407,"2,236067977",3,
15,175,627,408,"1,414213562",3,
15,176,627,408,0,3,
15,177,628,408,1,3,
15,178,632,405,5,3,
15,179,634,402,"3,605551275",3,
15,180,634,403,1,3,
15,181,634,405,2,3,
15,182,634,406,1,3,
15,183,635,408,"2,236067977",3,
15,184,636,408,1,3,
15,185,641,406,"5,385164807",3,
15,186,646,399,"8,602325267",3,
15,187,644,400,"2,236067977",3,
15,188,642,404,"4,472135955",3,
15,189,642,404,0,3,
15,190,643,403,"1,414213562",3,
15,191,642,403,1,3,
15,192,640,402,"2,236067977",3,
15,193,638,404,"2,828427125",3,
15,194,636,407,"3,605551275",3,
15,195,638,407,2,3,
15,196,638,408,1,3,
15,197,642,404,"5,656854249",3,
15,198,644,402,"2,828427125",3,
15,199,643,403,"1,414213562",3,
15,200,644,404,"1,414213562",3,
15,201,646,404,2,3,
15,202,650,404,4,3,
15,203,655,398,"7,810249676",3,
15,204,659,394,"5,656854249",3,
15,205,655,393,"4,123105626",3,
15,206,652,394,"3,16227766",3,
15,207,650,395,"2,236067977",3,
15,208,650,396,1,3,
15,209,654,394,"4,472135955",3,
15,210,656,395,"2,236067977",3,
15,211,655,396,"1,414213562",3,
15,212,655,396,0,3,
15,213,656,394,"2,236067977",3,
15,214,656,392,2,3,
15,215,656,393,1,3,
15,216,657,392,"1,414213562",3,
15,217,658,394,"2,236067977",3,
15,218,660,395,"2,236067977",3,
15,219,661,394,"1,414213562",3,
15,220,661,392,2,3,
15,221,661,388,4,3,
15,222,662,388,1,3,
15,223,663,390,"2,236067977",3,
15,224,665,389,"2,236067977",3,
15,225,667,388,"2,236067977",3,
15,226,666,389,"1,414213562",3,
15,227,664,390,"2,236067977",3,
15,228,664,390,0,3,
15,229,662,393,"3,605551275",3,
15,230,664,393,2,3,
15,231,665,394,"1,414213562",3,
15,232,666,393,"1,414213562",3,
15,233,667,390,"3,16227766",3,
15,234,662,390,5,3,
15,235,658,391,"4,123105626",3,
15,236,658,392,1,3,
15,237,661,394,"3,605551275",3,
15,238,667,392,"6,32455532",3,
15,239,674,392,7,3,
15,240,680,389,"6,708203932",3,
15,241,682,387,"2,828427125",3,
15,242,681,387,1,3,
15,243,680,387,1,3,
15,244,679,385,"2,236067977",3,
15,245,679,384,1,3,
15,246,678,384,1,3,
15,247,677,383,"1,414213562",3,
15,248,675,384,"2,236067977",3,
15,249,674,387,"3,16227766",3,
15,250,672,392,"5,385164807",3,
15,251,671,396,"4,123105626",3,
15,252,671,399,3,3,
15,253,667,400,"4,123105626",3,
15,254,663,401,"4,123105626",3,
15,255,661,400,"2,236067977",3,
15,256,663,398,"2,828427125",3,
15,257,670,393,"8,602325267",3,
15,258,676,389,"7,211102551",3,
15,259,676,386,3,3,
15,260,675,383,"3,16227766",3,
15,261,670,382,"5,099019514",3,
15,262,668,383,"2,236067977",3,
15,263,670,383,2,3,
15,264,671,383,1,3,
15,265,676,382,"5,099019514",3,
15,266,684,381,"8,062257748",3,
15,267,686,381,2,3,
15,268,684,384,"3,605551275",3,
15,269,682,382,"2,828427125",3,
15,270,682,385,3,3,
15,271,681,385,1,3,
15,272,680,383,"2,236067977",3,
15,273,678,383,2,3,
15,274,677,385,"2,236067977",3,
15,275,677,386,1,3,
15,276,680,387,"3,16227766",3,
15,277,681,386,"1,414213562",3,
15,278,681,387,1,3,
15,279,682,388,"1,414213562",3,
15,280,682,389,1,3,
15,281,683,390,"1,414213562",3,
15,282,685,390,2,3,
15,283,688,387,"4,242640687",3,
15,284,690,385,"2,828427125",3,
15,285,691,382,"3,16227766",3,
15,286,692,381,"1,414213562",3,
15,287,694,379,"2,828427125",3,
15,288,694,380,1,3,
15,289,696,382,"2,828427125",3,
15,290,697,382,1,3,
15,291,696,383,"1,414213562",3,
15,292,694,383,2,3,
15,293,693,383,1,3,
15,294,691,384,"2,236067977",3,
15,295,691,385,1,3,
15,296,690,390,"5,099019514",3,
15,297,692,392,"2,828427125",3,
15,298,692,392,0,3,
15,299,692,392,0,3,
16,0,582,469,0,2,
16,1,582,469,0,2,
16,2,584,466,"3,605551275",2,
16,3,588,466,4,2,
16,4,591,469,"4,242640687",2,
16,5,591,470,1,2,
16,6,590,471,"1,414213562",2,
16,7,590,472,1,2,
16,8,590,472,0,2,
16,9,591,471,"1,414213562",2,
16,10,590,472,"1,414213562",2,
16,11,588,472,2,2,
16,12,585,474,"3,605551275",2,
16,13,582,477,"4,242640687",2,
16,14,580,478,"2,236067977",2,
16,15,580,477,1,2,
16,16,580,474,3,2,
16,17,582,470,15,2,
16,18,580,473,"3,605551275",2,
16,19,577,477,5,2,
16,20,576,479,"2,236067977",2,
16,21,576,474,5,2,
16,22,578,476,"2,828427125",2,
16,23,575,474,"3,605551275",2,
16,24,572,474,3,2,
16,25,570,474,2,2,
16,26,572,479,"5,385164807",2,
16,27,573,478,"1,414213562",2,
16,28,574,480,"2,236067977",2,
16,29,574,482,2,2,
16,30,573,485,"3,16227766",2,
16,31,569,486,"4,123105626",2,
16,32,568,486,1,2,
16,33,569,486,1,2,
16,34,569,487,1,2,
16,35,567,487,2,2,
16,36,567,487,0,2,
16,37,567,488,1,2,
16,38,567,489,1,2,
16,39,567,489,0,2,
16,40,566,489,1,2,
16,41,567,491,"2,236067977",2,
16,42,567,496,5,2,
16,43,566,498,"2,236067977",2,
16,44,566,499,1,2,
16,45,566,499,0,2,
16,46,565,499,1,2,
16,47,565,496,3,2,
16,48,566,493,"3,16227766",2,
16,49,567,492,"1,414213562",2,
16,50,568,490,"2,236067977",2,
16,51,570,489,"2,236067977",2,
16,52,572,488,"2,236067977",2,
16,53,572,490,2,2,
16,54,568,494,"5,656854249",2,
16,55,565,496,"3,605551275",2,
16,56,565,496,0,2,
16,57,566,495,"1,414213562",2,
16,58,571,494,"5,099019514",2,
16,59,577,489,"7,810249676",2,
16,60,579,486,"3,605551275",2,
16,61,579,487,1,2,
16,62,579,486,1,2,
16,63,579,485,1,2,
16,64,579,487,2,2,
16,65,578,488,"1,414213562",2,
16,66,578,489,1,2,
16,67,579,485,"4,123105626",2,
16,68,582,483,"3,605551275",2,
16,69,582,481,2,2,
16,70,581,483,"2,236067977",2,
16,71,576,486,"5,830951895",2,
16,72,575,488,"2,236067977",2,
16,73,577,486,"2,828427125",2,
16,74,585,486,8,2,
16,75,595,480,"11,66190379",2,
16,76,605,470,"14,14213562",2,
16,77,612,465,"8,602325267",2,
16,78,610,469,"4,472135955",2,
16,79,610,469,0,2,
16,80,604,470,"6,08276253",2,
16,81,605,470,1,2,
16,82,602,470,3,2,
16,83,601,470,1,2,
16,84,601,470,0,2,
16,85,601,471,1,2,
16,86,601,473,2,2,
16,87,601,479,6,2,
16,88,602,481,"2,236067977",2,
16,89,600,481,2,2,
16,90,601,480,"1,414213562",2,
16,91,601,480,0,2,
16,92,600,473,"7,071067812",2,
16,93,600,468,5,2,
16,94,600,468,0,2,
16,95,600,468,0,2,
16,96,599,470,"2,236067977",2,
16,97,599,470,0,2,
16,98,601,472,"2,828427125",2,
16,99,602,472,1,2,
16,100,600,469,"3,605551275",2,
16,101,600,469,0,2,
16,102,600,469,0,2,
16,103,599,469,1,2,
16,104,598,469,1,2,
16,105,598,471,2,2,
16,106,598,471,0,2,
16,107,596,475,"4,472135955",2,
16,108,596,477,2,2,
16,109,595,477,1,2,
16,110,595,479,2,2,
16,111,595,478,1,2,
16,112,594,478,1,2,
16,113,593,479,"1,414213562",2,
16,114,592,480,"1,414213562",2,
16,115,593,481,"1,414213562",2,
16,116,593,482,1,2,
16,117,595,482,2,2,
16,118,593,483,"2,236067977",2,
16,119,593,485,2,2,
16,120,594,485,1,2,
16,121,594,484,1,2,
16,122,594,484,0,2,
16,123,601,479,"8,602325267",2,
16,124,604,477,"3,605551275",2,
16,125,605,477,1,2,
16,126,606,476,"1,414213562",2,
16,127,607,475,"1,414213562",2,
16,128,609,472,"3,605551275",2,
16,129,609,469,3,2,
16,130,606,473,5,2,
16,131,606,473,0,2,
16,132,607,472,"1,414213562",2,
16,133,610,470,"3,605551275",2,
16,134,613,466,5,2,
16,135,611,464,"2,828427125",2,
16,136,610,466,"2,236067977",2,
16,137,607,469,"4,242640687",2,
16,138,608,471,"2,236067977",2,
16,139,608,473,2,2,
16,140,611,474,"3,16227766",2,
16,141,615,472,"4,472135955",2,
16,142,622,467,"8,602325267",2,
16,143,629,461,"9,219544457",2,
16,144,631,461,2,2,
16,145,630,462,"1,414213562",2,
16,146,632,460,"2,828427125",2,
16,147,634,457,"3,605551275",2,
16,148,634,457,0,2,
16,149,635,456,"1,414213562",2,
16,150,637,454,"2,828427125",2,
16,151,635,453,"2,236067977",2,
16,152,634,453,1,2,
16,153,633,455,"2,236067977",2,
16,154,633,455,0,2,
16,155,633,455,0,2,
16,156,630,457,"3,605551275",2,
16,157,629,459,"2,236067977",2,
16,158,631,460,"2,236067977",2,
16,159,632,459,"1,414213562",2,
16,160,634,456,"3,605551275",2,
16,161,634,452,4,2,
16,162,631,453,"3,16227766",2,
16,163,628,456,"4,242640687",2,
16,164,628,456,0,2,
16,165,639,453,"11,40175425",2,
16,166,643,448,"6,403124237",2,
16,167,643,449,1,2,
16,168,639,451,"4,472135955",2,
16,169,636,452,"3,16227766",2,
16,170,633,455,"4,242640687",2,
16,171,634,457,"2,236067977",2,
16,172,636,456,"2,236067977",2,
16,173,640,455,"4,123105626",2,
16,174,639,456,"1,414213562",2,
16,175,635,458,"4,472135955",2,
16,176,633,460,"2,828427125",2,
16,177,634,459,"1,414213562",2,
16,178,635,457,"2,236067977",2,
16,179,642,451,"9,219544457",2,
16,180,648,445,"8,485281374",2,
16,181,655,439,"9,219544457",2,
16,182,658,436,"4,242640687",2,
16,183,657,435,"1,414213562",2,
16,184,653,437,"4,472135955",2,
16,185,650,438,"3,16227766",2,
16,186,651,439,"1,414213562",2,
16,187,652,438,"1,414213562",2,
16,188,652,438,0,2,
16,189,651,438,1,2,
16,190,649,439,"2,236067977",2,
16,191,649,439,0,2,
16,192,652,443,5,2,
16,193,652,446,3,2,
16,194,655,446,3,2,
16,195,655,446,0,2,
16,196,658,443,"4,242640687",2,
16,197,660,440,"3,605551275",2,
16,198,659,442,"2,236067977",2,
16,199,660,444,"2,236067977",2,
16,200,661,443,"1,414213562",2,
16,201,661,446,3,2,
16,202,663,445,"2,236067977",2,
16,203,666,440,"5,830951895",2,
16,204,666,440,0,2,
16,205,665,438,"2,236067977",2,
16,206,664,438,1,2,
16,207,663,439,"1,414213562",2,
16,208,662,442,"3,16227766",2,
16,209,663,443,"1,414213562",2,
16,210,664,442,"1,414213562",2,
16,211,665,440,"2,236067977",2,
16,212,668,435,"5,830951895",2,
16,213,668,431,4,2,
16,214,665,431,3,2,
16,215,662,434,"4,242640687",2,
16,216,659,437,"4,242640687",2,
16,217,659,437,0,2,
16,218,663,437,4,2,
16,219,666,435,"3,605551275",2,
16,220,666,435,0,2,
16,221,673,432,"7,615773106",2,
16,222,672,435,"3,16227766",2,
16,223,675,433,"3,605551275",2,
16,224,675,433,0,2,
16,225,675,433,0,2,
16,226,676,434,"1,414213562",2,
16,227,675,433,"1,414213562",2,
16,228,673,432,"2,236067977",2,
16,229,673,431,1,2,
16,230,673,432,1,2,
16,231,672,432,1,2,
16,232,672,433,1,2,
16,233,671,433,1,2,
16,234,671,433,0,2,
16,235,669,434,"2,236067977",2,
16,236,668,434,1,2,
16,237,666,434,2,2,
16,238,667,434,1,2,
16,239,662,435,"5,099019514",2,
16,240,660,436,"2,236067977",2,
16,241,659,439,"3,16227766",2,
16,242,660,440,"1,414213562",2,
16,243,664,438,"4,472135955",2,
16,244,667,436,"3,605551275",2,
16,245,672,438,"5,385164807",2,
16,246,668,435,5,2,
16,247,669,436,"1,414213562",2,
16,248,670,436,1,2,
16,249,675,436,5,2,
16,250,680,433,"5,830951895",2,
16,251,684,432,"4,123105626",2,
16,252,684,430,2,2,
16,253,683,430,1,2,
16,254,680,429,"3,16227766",2,
16,255,680,426,3,2,
16,256,680,426,0,2,
16,257,679,427,"1,414213562",2,
16,258,678,428,"1,414213562",2,
16,259,679,430,"2,236067977",2,
16,260,680,431,"1,414213562",2,
16,261,682,430,"2,236067977",2,
16,262,682,430,0,2,
16,263,681,430,1,2,
16,264,681,431,1,2,
16,265,681,432,1,2,
16,266,683,432,2,2,
16,267,685,432,2,2,
16,268,685,429,3,2,
16,269,685,428,1,2,
16,270,686,428,1,2,
16,271,690,428,4,2,
16,272,693,426,"3,605551275",2,
16,273,693,426,0,2,
16,274,690,428,"3,605551275",2,
16,275,688,429,"2,236067977",2,
16,276,689,431,"2,236067977",2,
16,277,690,432,"1,414213562",2,
16,278,693,431,"3,16227766",2,
16,279,694,430,"1,414213562",2,
16,280,691,429,"3,16227766",2,
16,281,688,429,3,2,
16,282,687,429,1,2,
16,283,692,429,5,2,
16,284,699,427,"7,280109889",2,
16,285,707,423,"8,94427191",2,
16,286,711,419,"5,656854249",2,
16,287,708,418,"3,16227766",2,
16,288,708,418,0,2,
16,289,708,418,0,2,
16,290,706,419,"2,236067977",2,
16,291,704,421,"2,828427125",2,
16,292,704,423,2,2,
16,293,705,427,"4,123105626",2,
16,294,703,434,"7,280109889",2,
16,295,698,437,"5,830951895",2,
16,296,691,438,"7,071067812",2,
16,297,688,437,"3,16227766",2,
16,298,692,433,"5,656854249",2,
16,299,702,427,"11,66190379",2,
16,300,702,427,0,2,
17,0,624,442,0,1,
17,1,624,441,1,1,
17,2,625,440,"1,414213562",1,
17,3,625,441,1,1,
17,4,625,442,1,1,
17,5,626,441,"1,414213562",1,
17,6,626,440,1,1,
17,7,631,436,"6,403124237",1,
17,8,631,430,6,1,
17,9,632,440,"10,04987562",1,
17,10,618,447,"15,65247584",1,
17,11,619,448,"1,414213562",1,
17,12,615,464,"16,4924225",1,
17,13,615,464,0,1,
17,14,615,464,0,1,
17,15,615,464,0,1,
17,16,615,463,1,1,
17,17,613,456,"7,280109889",1,
17,18,615,459,16,1,
17,19,611,455,"5,656854249",1,
17,20,605,461,"8,485281374",1,
17,21,604,463,"2,236067977",1,
17,22,611,471,"10,63014581",1,
17,23,609,464,"7,280109889",1,
17,24,607,465,"2,236067977",1,
17,25,613,470,"7,810249676",1,
17,26,588,477,"25,96150997",1,
17,27,589,477,1,1,
17,28,589,478,1,1,
17,29,589,478,0,1,
17,30,587,485,"7,280109889",1,
17,31,588,483,"2,236067977",1,
17,32,586,480,"3,605551275",1,
17,33,585,483,"3,16227766",1,
17,34,590,486,"5,830951895",1,
17,35,612,468,"28,42534081",1,
17,36,607,471,"5,830951895",1,
17,37,610,470,"3,16227766",1,
17,38,609,469,"1,414213562",1,
17,39,607,473,"4,472135955",1,
17,40,605,475,"2,828427125",1,
17,41,605,477,2,1,
17,42,603,479,"2,828427125",1,
17,43,602,479,1,1,
17,44,602,481,2,1,
17,45,601,483,"2,236067977",1,
17,46,599,489,"6,32455532",1,
17,47,600,492,"3,16227766",1,
17,48,601,493,"1,414213562",1,
17,49,596,498,"7,071067812",1,
17,50,599,498,3,1,
17,51,601,495,"3,605551275",1,
17,52,611,501,"11,66190379",1,
17,53,611,497,4,1,
17,54,612,505,"8,062257748",1,
17,55,611,502,"3,16227766",1,
17,56,611,500,2,1,
17,57,611,501,1,1,
17,58,610,499,"2,236067977",1,
17,59,612,503,"4,472135955",1,
17,60,613,505,"2,236067977",1,
17,61,613,505,0,1,
17,62,612,502,"3,16227766",1,
17,63,610,503,"2,236067977",1,
17,64,603,511,"10,63014581",1,
17,65,601,505,"6,32455532",1,
17,66,587,525,"24,41311123",1,
17,67,586,521,"4,123105626",1,
17,68,575,519,"11,18033989",1,
17,69,569,523,"7,211102551",1,
17,70,587,510,"22,20360331",1,
17,71,575,518,"14,4222051",1,
17,72,595,488,"36,05551275",1,
17,73,593,491,"3,605551275",1,
17,74,571,531,"45,65084884",1,
17,75,584,526,"13,92838828",1,
17,76,611,509,"31,90611227",1,
17,77,611,510,1,1,
17,78,610,512,"2,236067977",1,
17,79,610,516,4,1,
17,80,613,516,3,1,
17,81,621,507,"12,04159458",1,
17,82,632,495,"16,2788206",1,
17,83,638,488,"9,219544457",1,
17,84,639,487,"1,414213562",1,
17,85,638,485,"2,236067977",1,
17,86,637,484,"1,414213562",1,
17,87,632,480,"6,403124237",1,
17,88,626,476,"7,211102551",1,
17,89,621,473,"5,830951895",1,
17,90,617,478,"6,403124237",1,
17,91,611,481,"6,708203932",1,
17,92,608,479,"3,605551275",1,
17,93,590,506,"32,44996148",1,
17,94,610,482,"31,2409987",1,
17,95,620,475,"12,20655562",1,
17,96,631,465,"14,86606875",1,
17,97,631,466,1,1,
17,98,638,460,"9,219544457",1,
17,99,638,459,1,1,
17,100,638,458,1,1,
17,101,639,455,"3,16227766",1,
17,102,640,456,"1,414213562",1,
17,103,639,463,"7,071067812",1,
17,104,640,471,"8,062257748",1,
17,105,640,475,4,1,
17,106,640,477,2,1,
17,107,641,477,1,1,
17,108,640,478,"1,414213562",1,
17,109,641,478,1,1,
17,110,640,479,"1,414213562",1,
17,111,640,479,0,1,
17,112,637,481,"3,605551275",1,
17,113,637,484,3,1,
17,114,637,484,0,1,
17,115,636,486,"2,236067977",1,
17,116,637,487,"1,414213562",1,
17,117,640,482,"5,830951895",1,
17,118,640,482,0,1,
17,119,643,475,"7,615773106",1,
17,120,644,470,"5,099019514",1,
17,121,651,461,"11,40175425",1,
17,122,655,456,"6,403124237",1,
17,123,661,446,"11,66190379",1,
17,124,663,432,"14,14213562",1,
17,125,663,424,8,1,
17,126,661,420,"4,472135955",1,
17,127,661,423,3,1,
17,128,664,427,5,1,
17,129,667,423,5,1,
17,130,667,419,4,1,
17,131,668,416,"3,16227766",1,
17,132,670,414,"2,828427125",1,
17,133,672,416,"2,828427125",1,
17,134,676,409,"8,062257748",1,
17,135,681,398,"12,08304597",1,
17,136,681,398,0,1,
17,137,681,396,2,1,
17,138,678,398,"3,605551275",1,
17,139,675,400,"3,605551275",1,
17,140,672,406,"6,708203932",1,
17,141,669,410,5,1,
17,142,667,413,"3,605551275",1,
17,143,666,416,"3,16227766",1,
17,144,664,419,"3,605551275",1,
17,145,661,427,"8,544003745",1,
17,146,659,433,"6,32455532",1,
17,147,659,437,4,1,
17,148,658,442,"5,099019514",1,
17,149,659,442,1,1,
17,150,661,445,"3,605551275",1,
17,151,664,443,"3,605551275",1,
17,152,669,439,"6,403124237",1,
17,153,673,434,"6,403124237",1,
17,154,677,427,"8,062257748",1,
17,155,682,424,"5,830951895",1,
17,156,687,418,"7,810249676",1,
17,157,689,410,"8,246211251",1,
17,158,692,402,"8,544003745",1,
17,159,692,394,8,1,
17,160,691,389,"5,099019514",1,
17,161,688,385,5,1,
17,162,682,386,"6,08276253",1,
17,163,675,391,"8,602325267",1,
17,164,666,400,"12,72792206",1,
17,165,666,400,0,1,
17,166,656,421,"23,2594067",1,
17,167,655,425,"4,123105626",1,
17,168,659,425,4,1,
17,169,663,415,"10,77032961",1,
17,170,670,403,"13,89244399",1,
17,171,677,386,"18,38477631",1,
17,172,677,386,0,1,
17,173,684,365,"22,13594362",1,
17,174,687,360,"5,830951895",1,
17,175,686,360,1,1,
17,176,683,349,"11,40175425",1,
17,177,692,326,"24,69817807",1,
17,178,693,318,"8,062257748",1,
17,179,692,323,"5,099019514",1,
17,180,687,340,"17,72004515",1,
17,181,679,369,"30,08321791",1,
17,182,674,408,"39,3192065",1,
17,183,674,408,0,1,
17,184,675,447,"39,01281841",1,
17,185,683,439,"11,3137085",1,
17,186,694,425,"17,80449381",1,
17,187,698,411,"14,56021978",1,
17,188,697,407,"4,123105626",1,
17,189,699,403,"4,472135955",1,
17,190,699,399,4,1,
17,191,703,398,"4,123105626",1,
17,192,710,395,"7,615773106",1,
17,193,715,386,"10,29563014",1,
17,194,717,378,"8,246211251",1,
17,195,717,377,1,1,
17,196,717,376,1,1,
17,197,717,374,2,1,
17,198,717,370,4,1,
17,199,714,367,"4,242640687",1,
17,200,711,364,"4,242640687",1,
17,201,710,364,1,1,
17,202,709,369,"5,099019514",1,
17,203,709,373,4,1,
17,204,709,373,0,1,
17,205,710,386,"13,03840481",1,
17,206,708,398,"12,16552506",1,
17,207,708,398,0,1,
17,208,708,409,11,1,
17,209,708,411,2,1,
17,210,709,411,1,1,
17,211,713,400,"11,70469991",1,
17,212,714,385,"15,03329638",1,
17,213,712,376,"9,219544457",1,
17,214,713,376,1,1,
17,215,709,371,"6,403124237",1,
17,216,708,371,1,1,
17,217,708,370,1,1,
17,218,708,370,0,1,
17,219,710,370,2,1,
17,220,716,368,"6,32455532",1,
17,221,716,368,0,1,
17,222,736,327,"45,61797891",1,
17,223,739,340,"13,34166406",1,
17,224,741,341,"2,236067977",1,
17,225,741,345,4,1,
17,226,741,337,8,1,
17,227,737,345,"8,94427191",1,
17,228,734,341,5,1,
17,229,725,352,"14,2126704",1,
17,230,715,399,"48,05205511",1,
17,231,707,415,"17,88854382",1,
17,232,703,424,"9,848857802",1,
17,233,704,423,"1,414213562",1,
17,234,704,421,2,1,
17,235,704,424,3,1,
17,236,704,425,1,1,
17,237,705,424,"1,414213562",1,
17,238,706,425,"1,414213562",1,
17,239,707,423,"2,236067977",1,
17,240,710,420,"4,242640687",1,
17,241,715,409,"12,08304597",1,
17,242,716,389,"20,02498439",1,
17,243,716,376,13,1,
17,244,717,378,"2,236067977",1,
17,245,715,379,"2,236067977",1,
17,246,715,394,15,1,
17,247,710,402,"9,433981132",1,
17,248,699,416,"17,80449381",1,
17,249,694,414,"5,385164807",1,
17,250,694,414,0,1,
17,251,694,414,0,1,
17,252,692,341,"73,02739212",1,
17,253,680,334,"13,89244399",1,
17,254,669,351,"20,24845673",1,
17,255,663,371,"20,88061302",1,
17,256,660,382,"11,40175425",1,
17,257,665,392,"11,18033989",1,
17,258,667,394,"2,828427125",1,
17,259,666,404,"10,04987562",1,
17,260,665,416,"12,04159458",1,
17,261,663,425,"9,219544457",1,
17,262,658,440,"15,8113883",1,
17,263,653,455,"15,8113883",1,
17,264,646,469,"15,65247584",1,
17,265,639,483,"15,65247584",1,
17,266,635,490,"8,062257748",1,
17,267,633,496,"6,32455532",1,
17,268,631,495,"2,236067977",1,
17,269,635,495,4,1,
17,270,632,496,"3,16227766",1,
17,271,629,498,"3,605551275",1,
17,272,625,501,5,1,
17,273,621,503,"4,472135955",1,
17,274,618,503,3,1,
17,275,614,503,4,1,
17,276,611,502,"3,16227766",1,
17,277,612,506,"4,123105626",1,
17,278,610,497,"9,219544457",1,
17,279,614,493,"5,656854249",1,
17,280,615,495,"2,236067977",1,
17,281,613,495,2,1,
17,282,611,498,"3,605551275",1,
17,283,610,499,"1,414213562",1,
17,284,609,500,"1,414213562",1,
17,285,607,503,"3,605551275",1,
17,286,606,505,"2,236067977",1,
17,287,605,506,"1,414213562",1,
17,288,606,506,1,1,
17,289,605,507,"1,414213562",1,
17,290,605,509,2,1,
17,291,604,509,1,1,
17,292,604,510,1,1,
17,293,604,510,0,1,
17,294,604,510,0,1,
17,295,605,511,"1,414213562",1,
17,296,605,512,1,1,
17,297,605,511,1,1,
17,298,605,510,1,1,
17,299,606,508,"2,236067977",1,
17,300,605,507,"1,414213562",1,
17,301,605,506,1,1,
18,0,654,244,0,2,
18,1,654,244,0,2,
18,2,654,245,1,2,
18,3,652,244,"2,236067977",2,
18,4,652,247,3,2,
18,5,649,249,"3,605551275",2,
18,6,650,250,"1,414213562",2,
18,7,642,256,10,2,
18,8,644,253,"3,605551275",2,
18,9,638,258,"7,810249676",2,
18,10,636,260,"2,828427125",2,
18,11,637,260,1,2,
18,12,632,261,"5,099019514",2,
18,13,631,261,1,2,
18,14,632,263,"2,236067977",2,
18,15,633,266,"3,16227766",2,
18,16,636,263,"4,242640687",2,
18,17,633,267,5,2,
18,18,633,267,17,2,
18,19,632,267,1,2,
18,20,635,264,"4,242640687",2,
18,21,635,267,3,2,
18,22,635,278,11,2,
18,23,634,306,"28,01785145",2,
18,24,630,348,"42,19004622",2,
18,25,627,386,"38,11823711",2,
18,26,626,406,"20,02498439",2,
18,27,631,415,"10,29563014",2,
18,28,631,409,6,2,
18,29,635,398,"11,70469991",2,
18,30,633,399,"2,236067977",2,
18,31,633,399,0,2,
18,32,629,404,"6,403124237",2,
18,33,627,405,"2,236067977",2,
18,34,627,400,5,2,
18,35,624,404,5,2,
18,36,622,403,"2,236067977",2,
18,37,622,403,0,2,
18,38,623,403,1,2,
18,39,624,404,"1,414213562",2,
18,40,625,405,"1,414213562",2,
18,41,627,413,"8,246211251",2,
18,42,629,417,"4,472135955",2,
18,43,630,423,"6,08276253",2,
18,44,631,426,"3,16227766",2,
18,45,631,426,0,2,
18,46,629,430,"4,472135955",2,
18,47,629,430,0,2,
18,48,628,433,"3,16227766",2,
18,49,629,435,"2,236067977",2,
18,50,629,436,1,2,
18,51,631,443,"7,280109889",2,
18,52,633,444,"2,236067977",2,
18,53,641,437,"10,63014581",2,
18,54,651,428,"13,45362405",2,
18,55,660,415,"15,8113883",2,
18,56,667,406,"11,40175425",2,
18,57,674,396,"12,20655562",2,
18,58,680,390,"8,485281374",2,
18,59,685,383,"8,602325267",2,
18,60,687,384,"2,236067977",2,
18,61,684,386,"3,605551275",2,
18,62,679,385,"5,099019514",2,
18,63,672,386,"7,071067812",2,
18,64,666,385,"6,08276253",2,
18,65,658,385,8,2,
18,66,654,387,"4,472135955",2,
18,67,645,388,"9,055385138",2,
18,68,633,392,"12,64911064",2,
18,69,622,404,"16,2788206",2,
18,70,619,410,"6,708203932",2,
18,71,616,413,"4,242640687",2,
18,72,613,413,3,2,
18,73,612,414,"1,414213562",2,
18,74,613,415,"1,414213562",2,
18,75,616,413,"3,605551275",2,
18,76,619,410,"4,242640687",2,
18,77,627,397,"15,26433752",2,
18,78,636,387,"13,45362405",2,
18,79,646,379,"12,80624847",2,
18,80,658,370,15,2,
18,81,665,364,"9,219544457",2,
18,82,668,362,"3,605551275",2,
18,83,669,362,1,2,
18,84,669,362,0,2,
18,85,670,360,"2,236067977",2,
18,86,672,360,2,2,
18,87,670,361,"2,236067977",2,
18,88,673,360,"3,16227766",2,
18,89,676,364,5,2,
18,90,678,369,"5,385164807",2,
18,91,680,372,"3,605551275",2,
18,92,681,375,"3,16227766",2,
18,93,683,377,"2,828427125",2,
18,94,683,377,0,2,
18,95,683,377,0,2,
18,96,684,380,"3,16227766",2,
18,97,684,381,1,2,
18,98,687,381,3,2,
18,99,693,378,"6,708203932",2,
18,100,699,376,"6,32455532",2,
18,101,701,374,"2,828427125",2,
18,102,699,371,"3,605551275",2,
18,103,696,370,"3,16227766",2,
18,104,688,370,8,2,
18,105,688,370,0,2,
18,106,689,369,"1,414213562",2,
18,107,694,364,"7,071067812",2,
18,108,702,355,"12,04159458",2,
18,109,708,341,"15,23154621",2,
18,110,710,335,"6,32455532",2,
18,111,709,334,"1,414213562",2,
18,112,710,335,"1,414213562",2,
18,113,710,336,1,2,
18,114,712,335,"2,236067977",2,
18,115,711,332,"3,16227766",2,
18,116,708,332,3,2,
18,117,702,331,"6,08276253",2,
18,118,693,330,"9,055385138",2,
18,119,689,331,"4,123105626",2,
18,120,686,331,3,2,
18,121,683,333,"3,605551275",2,
18,122,679,334,"4,123105626",2,
18,123,676,335,"3,16227766",2,
18,124,672,340,"6,403124237",2,
18,125,673,339,"1,414213562",2,
18,126,670,340,"3,16227766",2,
18,127,672,336,"4,472135955",2,
18,128,676,327,"9,848857802",2,
18,129,676,320,7,2,
18,130,677,316,"4,123105626",2,
18,131,677,314,2,2,
18,132,677,317,3,2,
18,133,677,317,0,2,
18,134,677,316,1,2,
18,135,676,314,"2,236067977",2,
18,136,676,315,1,2,
18,137,674,316,"2,236067977",2,
18,138,669,328,13,2,
18,139,660,337,"12,72792206",2,
18,140,654,346,"10,81665383",2,
18,141,653,359,"13,03840481",2,
18,142,645,375,"17,88854382",2,
18,143,640,382,"8,602325267",2,
18,144,638,383,"2,236067977",2,
18,145,635,389,"6,708203932",2,
18,146,630,400,"12,08304597",2,
18,147,627,403,"4,242640687",2,
18,148,627,400,3,2,
18,149,626,394,"6,08276253",2,
18,150,626,389,5,2,
18,151,628,377,"12,16552506",2,
18,152,631,366,"11,40175425",2,
18,153,632,362,"4,123105626",2,
18,154,633,358,"4,123105626",2,
18,155,634,354,"4,123105626",2,
18,156,636,353,"2,236067977",2,
18,157,634,356,"3,605551275",2,
18,158,633,361,"5,099019514",2,
18,159,632,361,1,2,
18,160,631,364,"3,16227766",2,
18,161,632,363,"1,414213562",2,
18,162,635,361,"3,605551275",2,
18,163,642,353,"10,63014581",2,
18,164,651,342,"14,2126704",2,
18,165,660,336,"10,81665383",2,
18,166,670,329,"12,20655562",2,
18,167,675,324,"7,071067812",2,
18,168,678,321,"4,242640687",2,
18,169,678,321,0,2,
18,170,679,321,1,2,
18,171,680,319,"2,236067977",2,
18,172,680,318,1,2,
18,173,681,316,"2,236067977",2,
18,174,682,314,"2,236067977",2,
18,175,682,313,1,2,
18,176,682,311,2,2,
18,177,681,310,"1,414213562",2,
18,178,683,311,"2,236067977",2,
18,179,686,310,"3,16227766",2,
18,180,689,308,"3,605551275",2,
18,181,689,306,2,2,
18,182,687,304,"2,828427125",2,
18,183,687,304,0,2,
18,184,689,305,"2,236067977",2,
18,185,689,304,1,2,
18,186,689,303,1,2,
18,187,689,301,2,2,
18,188,689,301,0,2,
18,189,693,306,"6,403124237",2,
18,190,697,310,"5,656854249",2,
18,191,699,319,"9,219544457",2,
18,192,701,329,"10,19803903",2,
18,193,702,336,"7,071067812",2,
18,194,703,341,"5,099019514",2,
18,195,704,343,"2,236067977",2,
18,196,703,341,"2,236067977",2,
18,197,704,343,"2,236067977",2,
18,198,703,340,"3,16227766",2,
18,199,705,345,"5,385164807",2,
18,200,705,340,5,2,
18,201,706,337,"3,16227766",2,
18,202,703,323,"14,31782106",2,
18,203,699,304,"19,41648784",2,
18,204,702,311,"7,615773106",2,
18,205,703,307,"4,123105626",2,
18,206,701,297,"10,19803903",2,
18,207,698,281,"16,2788206",2,
18,208,692,260,"21,84032967",2,
18,209,683,242,"20,1246118",2,
18,210,671,228,"18,43908891",2,
18,211,660,216,"16,2788206",2,
18,212,649,212,"11,70469991",2,
18,213,640,212,9,2,
18,214,628,223,"16,2788206",2,
18,215,621,239,"17,4642492",2,
18,216,617,251,"12,64911064",2,
18,217,617,254,3,2,
18,218,616,254,1,2,
18,219,612,257,5,2,
18,220,609,264,"7,615773106",2,
18,221,607,269,"5,385164807",2,
18,222,606,274,"5,099019514",2,
18,223,604,275,"2,236067977",2,
18,224,604,273,2,2,
18,225,603,274,"1,414213562",2,
18,226,603,276,2,2,
18,227,603,272,4,2,
18,228,608,260,13,2,
18,229,611,244,"16,2788206",2,
18,230,610,237,"7,071067812",2,
18,231,608,236,"2,236067977",2,
18,232,608,234,2,2,
18,233,608,234,0,2,
18,234,609,235,"1,414213562",2,
18,235,609,236,1,2,
18,236,612,235,"3,16227766",2,
18,237,614,228,"7,280109889",2,
18,238,618,232,"5,656854249",2,
18,239,626,230,"8,246211251",2,
18,240,636,232,"10,19803903",2,
18,241,642,231,"6,08276253",2,
18,242,648,230,"6,08276253",2,
18,243,651,233,"4,242640687",2,
18,244,654,234,"3,16227766",2,
18,245,656,233,"2,236067977",2,
18,246,656,226,7,2,
18,247,657,228,"2,236067977",2,
18,248,658,235,"7,071067812",2,
18,249,657,234,"1,414213562",2,
18,250,654,227,"7,615773106",2,
18,251,654,229,2,2,
18,252,652,223,"6,32455532",2,
18,253,646,215,10,2,
18,254,639,206,"11,40175425",2,
18,255,634,202,"6,403124237",2,
18,256,637,218,"16,2788206",2,
18,257,630,222,"8,062257748",2,
18,258,627,224,"3,605551275",2,
18,259,627,224,0,2,
18,260,627,224,0,2,
18,261,627,224,0,2,
18,262,631,222,"4,472135955",2,
18,263,641,225,"10,44030651",2,
18,264,653,220,13,2,
18,265,668,219,"15,03329638",2,
18,266,677,219,9,2,
18,267,681,220,"4,123105626",2,
18,268,681,221,1,2,
18,269,683,220,"2,236067977",2,
18,270,683,224,4,2,
18,271,684,223,"1,414213562",2,
18,272,684,220,3,2,
18,273,680,211,"9,848857802",2,
18,274,678,212,"2,236067977",2,
18,275,670,207,"9,433981132",2,
18,276,667,218,"11,40175425",2,
18,277,659,216,"8,246211251",2,
18,278,650,213,"9,486832981",2,
18,279,640,207,"11,66190379",2,
18,280,639,224,"17,02938637",2,
18,281,634,230,"7,810249676",2,
18,282,634,223,7,2,
18,283,631,228,"5,830951895",2,
18,284,628,214,"14,31782106",2,
18,285,627,213,"1,414213562",2,
18,286,628,224,"11,04536102",2,
18,287,627,224,1,2,
18,288,627,226,2,2,
18,289,627,226,0,2,
18,290,627,225,1,2,
18,291,628,223,"2,236067977",2,
18,292,631,220,"4,242640687",2,
18,293,636,223,"5,830951895",2,
18,294,637,223,1,2,
18,295,640,223,3,2,
18,296,641,223,1,2,
18,297,642,223,1,2,
18,298,640,222,"2,236067977",2,
18,299,637,218,5,2,
18,300,635,220,"2,828427125",2,
19,0,490,482,0,1,
19,1,490,482,0,1,
19,2,492,482,2,1,
19,3,493,482,1,1,
19,4,496,483,"3,16227766",1,
19,5,498,486,"3,605551275",1,
19,6,497,486,1,1,
19,7,496,489,"3,16227766",1,
19,8,493,492,"4,242640687",1,
19,9,494,492,1,1,
19,10,490,500,"8,94427191",1,
19,11,490,501,1,1,
19,12,489,501,1,1,
19,13,489,502,1,1,
19,14,485,502,4,1,
19,15,485,502,0,1,
19,16,485,501,1,1,
19,17,487,503,"2,828427125",1,
19,18,487,500,3,1,
19,19,490,490,18,1,
19,20,490,490,0,1,
19,21,495,473,"17,72004515",1,
19,22,495,472,1,1,
19,23,495,474,2,1,
19,24,498,474,3,1,
19,25,499,477,"3,16227766",1,
19,26,500,481,"4,123105626",1,
19,27,500,482,1,1,
19,28,499,483,"1,414213562",1,
19,29,494,487,"6,403124237",1,
19,30,484,492,"11,18033989",1,
19,31,473,498,"12,52996409",1,
19,32,495,527,"36,40054945",1,
19,33,492,525,"3,605551275",1,
19,34,491,517,"8,062257748",1,
19,35,500,515,"9,219544457",1,
19,36,488,484,"33,24154028",1,
19,37,498,478,"11,66190379",1,
19,38,501,478,3,1,
19,39,500,477,"1,414213562",1,
19,40,497,482,"5,830951895",1,
19,41,486,496,"17,80449381",1,
19,42,480,509,"14,31782106",1,
19,43,480,510,1,1,
19,44,482,509,"2,236067977",1,
19,45,487,507,"5,385164807",1,
19,46,497,498,"13,45362405",1,
19,47,513,485,"20,61552813",1,
19,48,534,473,"24,18677324",1,
19,49,548,462,"17,80449381",1,
19,50,551,469,"7,615773106",1,
19,51,537,479,"17,20465053",1,
19,52,528,486,"11,40175425",1,
19,53,522,487,"6,08276253",1,
19,54,523,483,"4,123105626",1,
19,55,524,482,"1,414213562",1,
19,56,526,478,"4,472135955",1,
19,57,532,467,"12,52996409",1,
19,58,535,458,"9,486832981",1,
19,59,535,457,1,1,
19,60,537,456,"2,236067977",1,
19,61,538,458,"2,236067977",1,
19,62,540,463,"5,385164807",1,
19,63,542,465,"2,828427125",1,
19,64,541,467,"2,236067977",1,
19,65,540,469,"2,236067977",1,
19,66,536,471,"4,472135955",1,
19,67,532,475,"5,656854249",1,
19,68,532,475,0,1,
19,69,528,475,4,1,
19,70,522,476,"6,08276253",1,
19,71,519,477,"3,16227766",1,
19,72,519,477,0,1,
19,73,520,478,"1,414213562",1,
19,74,525,475,"5,830951895",1,
19,75,535,467,"12,80624847",1,
19,76,545,457,"14,14213562",1,
19,77,551,455,"6,32455532",1,
19,78,551,455,0,1,
19,79,550,455,1,1,
19,80,546,460,"6,403124237",1,
19,81,533,474,"19,10497317",1,
19,82,524,486,15,1,
19,83,523,487,"1,414213562",1,
19,84,524,486,"1,414213562",1,
19,85,525,487,"1,414213562",1,
19,86,533,485,"8,246211251",1,
19,87,546,474,"17,02938637",1,
19,88,565,463,"21,9544984",1,
19,89,577,452,"16,2788206",1,
19,90,583,447,"7,810249676",1,
19,91,585,446,"2,236067977",1,
19,92,580,449,"5,830951895",1,
19,93,573,454,"8,602325267",1,
19,94,573,453,1,1,
19,95,574,451,"2,236067977",1,
19,96,574,451,0,1,
19,97,578,448,5,1,
19,98,582,437,"11,70469991",1,
19,99,586,427,"10,77032961",1,
19,100,586,424,3,1,
19,101,587,426,"2,236067977",1,
19,102,587,427,1,1,
19,103,590,430,"4,242640687",1,
19,104,592,434,"4,472135955",1,
19,105,592,439,5,1,
19,106,593,439,1,1,
19,107,590,441,"3,605551275",1,
19,108,584,446,"7,810249676",1,
19,109,575,453,"11,40175425",1,
19,110,566,458,"10,29563014",1,
19,111,561,459,"5,099019514",1,
19,112,562,459,1,1,
19,113,562,459,0,1,
19,114,565,457,"3,605551275",1,
19,115,572,451,"9,219544457",1,
19,116,580,442,"12,04159458",1,
19,117,588,435,"10,63014581",1,
19,118,592,432,5,1,
19,119,594,431,"2,236067977",1,
19,120,595,430,"1,414213562",1,
19,121,595,430,0,1,
19,122,595,430,0,1,
19,123,592,430,3,1,
19,124,590,435,"5,385164807",1,
19,125,580,450,"18,02775638",1,
19,126,572,463,"15,26433752",1,
19,127,571,464,"1,414213562",1,
19,128,572,462,"2,236067977",1,
19,129,572,463,1,1,
19,130,572,464,1,1,
19,131,581,460,"9,848857802",1,
19,132,593,444,20,1,
19,133,610,421,"28,60069929",1,
19,134,621,408,"17,02938637",1,
19,135,625,407,"4,123105626",1,
19,136,625,407,0,1,
19,137,628,404,"4,242640687",1,
19,138,630,399,"5,385164807",1,
19,139,635,391,"9,433981132",1,
19,140,634,391,1,1,
19,141,630,395,"5,656854249",1,
19,142,624,401,"8,485281374",1,
19,143,618,407,"8,485281374",1,
19,144,615,408,"3,16227766",1,
19,145,616,406,"2,236067977",1,
19,146,616,407,1,1,
19,147,616,407,0,1,
19,148,616,407,0,1,
19,149,616,406,1,1,
19,150,619,401,"5,830951895",1,
19,151,621,394,"7,280109889",1,
19,152,625,386,"8,94427191",1,
19,153,627,385,"2,236067977",1,
19,154,627,384,1,1,
19,155,628,384,1,1,
19,156,629,384,1,1,
19,157,631,387,"3,605551275",1,
19,158,635,389,"4,472135955",1,
19,159,637,394,"5,385164807",1,
19,160,637,398,4,1,
19,161,637,398,0,1,
19,162,637,399,1,1,
19,163,635,401,"2,828427125",1,
19,164,629,401,6,1,
19,165,620,404,"9,486832981",1,
19,166,611,407,"9,486832981",1,
19,167,604,414,"9,899494937",1,
19,168,604,415,1,1,
19,169,605,412,"3,16227766",1,
19,170,607,414,"2,828427125",1,
19,171,614,411,"7,615773106",1,
19,172,625,403,"13,60147051",1,
19,173,637,397,"13,41640786",1,
19,174,647,390,"12,20655562",1,
19,175,646,391,"1,414213562",1,
19,176,645,390,"1,414213562",1,
19,177,644,388,"2,236067977",1,
19,178,639,391,"5,830951895",1,
19,179,627,405,"18,43908891",1,
19,180,617,418,"16,40121947",1,
19,181,616,424,"6,08276253",1,
19,182,617,420,"4,123105626",1,
19,183,617,421,1,1,
19,184,619,421,2,1,
19,185,622,418,"4,242640687",1,
19,186,630,408,"12,80624847",1,
19,187,643,392,"20,61552813",1,
19,188,655,372,"23,32380758",1,
19,189,663,344,"29,12043956",1,
19,190,667,302,"42,19004622",1,
19,191,663,274,"28,28427125",1,
19,192,660,256,"18,24828759",1,
19,193,660,251,5,1,
19,194,660,265,14,1,
19,195,660,289,24,1,
19,196,657,322,"33,13608305",1,
19,197,658,322,1,1,
19,198,663,340,"18,68154169",1,
19,199,669,329,"12,52996409",1,
19,200,672,322,"7,615773106",1,
19,201,667,329,"8,602325267",1,
19,202,657,345,"18,86796226",1,
19,203,652,350,"7,071067812",1,
19,204,649,363,"13,34166406",1,
19,205,649,364,1,1,
19,206,649,361,3,1,
19,207,648,357,"4,123105626",1,
19,208,648,357,0,1,
19,209,649,355,"2,236067977",1,
19,210,651,348,"7,280109889",1,
19,211,654,337,"11,40175425",1,
19,212,651,308,"29,15475947",1,
19,213,655,324,"16,4924225",1,
19,214,655,327,3,1,
19,215,655,327,0,1,
19,216,658,328,"3,16227766",1,
19,217,658,327,1,1,
19,218,661,329,"3,605551275",1,
19,219,667,335,"8,485281374",1,
19,220,667,337,2,1,
19,221,667,337,0,1,
19,222,664,340,"4,242640687",1,
19,223,659,345,"7,071067812",1,
19,224,652,349,"8,062257748",1,
19,225,644,354,"9,433981132",1,
19,226,638,359,"7,810249676",1,
19,227,637,360,"1,414213562",1,
19,228,638,361,"1,414213562",1,
19,229,639,361,1,1,
19,230,644,360,"5,099019514",1,
19,231,654,350,"14,14213562",1,
19,232,666,341,15,1,
19,233,674,335,10,1,
19,234,676,334,"2,236067977",1,
19,235,675,333,"1,414213562",1,
19,236,674,329,"4,123105626",1,
19,237,673,327,"2,236067977",1,
19,238,669,333,"7,211102551",1,
19,239,662,345,"13,89244399",1,
19,240,655,357,"13,89244399",1,
19,241,649,370,"14,31782106",1,
19,242,648,373,"3,16227766",1,
19,243,649,371,"2,236067977",1,
19,244,649,379,8,1,
19,245,653,378,"4,123105626",1,
19,246,667,359,"23,60084744",1,
19,247,685,324,"39,35733731",1,
19,248,696,303,"23,70653918",1,
19,249,698,300,"3,605551275",1,
19,250,695,307,"7,615773106",1,
19,251,692,312,"5,830951895",1,
19,252,691,313,"1,414213562",1,
19,253,692,310,"3,16227766",1,
19,254,693,308,"2,236067977",1,
19,255,695,307,"2,236067977",1,
19,256,696,306,"1,414213562",1,
19,257,695,306,1,1,
19,258,693,310,"4,472135955",1,
19,259,691,315,"5,385164807",1,
19,260,691,312,3,1,
19,261,691,307,5,1,
19,262,690,307,1,1,
19,263,689,302,"5,099019514",1,
19,264,690,295,"7,071067812",1,
19,265,692,288,"7,280109889",1,
19,266,693,283,"5,099019514",1,
19,267,692,283,1,1,
19,268,693,284,"1,414213562",1,
19,269,693,285,1,1,
19,270,698,287,"5,385164807",1,
19,271,704,290,"6,708203932",1,
19,272,705,297,"7,071067812",1,
19,273,706,302,"5,099019514",1,
19,274,706,301,1,1,
19,275,706,300,1,1,
19,276,703,304,5,1,
19,277,698,305,"5,099019514",1,
19,278,693,303,"5,385164807",1,
19,279,686,304,"7,071067812",1,
19,280,679,313,"11,40175425",1,
19,281,677,317,"4,472135955",1,
19,282,677,315,2,1,
19,283,679,318,"3,605551275",1,
19,284,685,318,6,1,
19,285,696,311,"13,03840481",1,
19,286,707,302,"14,2126704",1,
19,287,712,288,"14,86606875",1,
19,288,708,249,"39,20459157",1,
19,289,710,275,"26,07680962",1,
19,290,710,274,1,1,
19,291,708,253,"21,09502311",1,
19,292,710,282,"29,06888371",1,
19,293,707,295,"13,34166406",1,
19,294,699,310,17,1,
19,295,694,321,"12,08304597",1,
19,296,690,325,"5,656854249",1,
19,297,690,325,0,1,
19,298,691,323,"2,236067977",1,
19,299,691,323,0,1,
19,300,692,325,"2,236067977",1,
19,301,692,326,1,1,
20,0,510,474,0,1,
20,1,510,474,0,1,
20,2,512,477,"3,605551275",1,
20,3,510,477,2,1,
20,4,513,480,"4,242640687",1,
20,5,516,488,"8,544003745",1,
20,6,496,584,"98,06120538",1,
20,7,484,585,"12,04159458",1,
20,8,539,542,"69,8140387",1,
20,9,538,531,"11,04536102",1,
20,10,515,517,"26,92582404",1,
20,11,515,518,1,1,
20,12,521,519,"6,08276253",1,
20,13,521,523,4,1,
20,14,515,522,"6,08276253",1,
20,15,505,508,"17,20465053",1,
20,16,508,507,"3,16227766",1,
20,17,516,510,"8,544003745",1,
20,18,516,510,0,1,
20,19,482,599,19,1,
20,20,523,518,"90,78546139",1,
20,21,527,521,5,1,
20,22,528,518,"3,16227766",1,
20,23,518,501,"19,72308292",1,
20,24,520,501,2,1,
20,25,515,484,"17,72004515",1,
20,26,515,479,5,1,
20,27,514,475,"4,123105626",1,
20,28,511,470,"5,830951895",1,
20,29,512,470,1,1,
20,30,513,470,1,1,
20,31,514,470,1,1,
20,32,515,468,"2,236067977",1,
20,33,517,468,2,1,
20,34,519,466,"2,828427125",1,
20,35,520,464,"2,236067977",1,
20,36,524,464,4,1,
20,37,526,464,2,1,
20,38,528,465,"2,236067977",1,
20,39,529,466,"1,414213562",1,
20,40,530,466,1,1,
20,41,531,466,1,1,
20,42,534,465,"3,16227766",1,
20,43,538,462,5,1,
20,44,539,458,"4,123105626",1,
20,45,540,454,"4,123105626",1,
20,46,540,452,2,1,
20,47,541,451,"1,414213562",1,
20,48,541,450,1,1,
20,49,541,449,1,1,
20,50,541,449,0,1,
20,51,542,449,1,1,
20,52,544,447,"2,828427125",1,
20,53,546,446,"2,236067977",1,
20,54,546,446,0,1,
20,55,550,446,4,1,
20,56,552,446,2,1,
20,57,554,448,"2,828427125",1,
20,58,555,448,1,1,
20,59,557,450,"2,828427125",1,
20,60,555,448,"2,828427125",1,
20,61,560,450,"5,385164807",1,
20,62,562,451,"2,236067977",1,
20,63,562,450,1,1,
20,64,560,451,"2,236067977",1,
20,65,561,451,1,1,
20,66,560,451,1,1,
20,67,562,450,"2,236067977",1,
20,68,563,449,"1,414213562",1,
20,69,563,446,3,1,
20,70,564,444,"2,236067977",1,
20,71,565,443,"1,414213562",1,
20,72,565,442,1,1,
20,73,564,442,1,1,
20,74,565,442,1,1,
20,75,566,442,1,1,
20,76,566,441,1,1,
20,77,567,440,"1,414213562",1,
20,78,567,439,1,1,
20,79,567,439,0,1,
20,80,567,439,0,1,
20,81,568,439,1,1,
20,82,568,438,1,1,
20,83,569,438,1,1,
20,84,571,439,"2,236067977",1,
20,85,571,436,3,1,
20,86,575,437,"4,123105626",1,
20,87,575,438,1,1,
20,88,578,437,"3,16227766",1,
20,89,577,435,"2,236067977",1,
20,90,577,435,0,1,
20,91,577,435,0,1,
20,92,577,435,0,1,
20,93,577,436,1,1,
20,94,577,439,3,1,
20,95,578,438,"1,414213562",1,
20,96,577,437,"1,414213562",1,
20,97,581,431,"7,211102551",1,
20,98,581,431,0,1,
20,99,582,428,"3,16227766",1,
20,100,583,427,"1,414213562",1,
20,101,584,425,"2,236067977",1,
20,102,586,421,"4,472135955",1,
20,103,587,419,"2,236067977",1,
20,104,588,420,"1,414213562",1,
20,105,587,420,1,1,
20,106,587,420,0,1,
20,107,587,420,0,1,
20,108,586,420,1,1,
20,109,587,420,1,1,
20,110,589,420,2,1,
20,111,590,420,1,1,
20,112,592,419,"2,236067977",1,
20,113,595,420,"3,16227766",1,
20,114,596,416,"4,123105626",1,
20,115,597,418,"2,236067977",1,
20,116,599,418,2,1,
20,117,599,417,1,1,
20,118,600,418,"1,414213562",1,
20,119,601,418,1,1,
20,120,602,419,"1,414213562",1,
20,121,601,419,1,1,
20,122,601,419,0,1,
20,123,601,419,0,1,
20,124,603,415,"4,472135955",1,
20,125,607,410,"6,403124237",1,
20,126,608,408,"2,236067977",1,
20,127,612,409,"4,123105626",1,
20,128,610,405,"4,472135955",1,
20,129,615,399,"7,810249676",1,
20,130,618,395,5,1,
20,131,618,396,1,1,
20,132,618,396,0,1,
20,133,626,398,"8,246211251",1,
20,134,619,396,"7,280109889",1,
20,135,620,396,1,1,
20,136,620,396,0,1,
20,137,620,396,0,1,
20,138,623,395,"3,16227766",1,
20,139,624,395,1,1,
20,140,627,394,"3,16227766",1,
20,141,629,393,"2,236067977",1,
20,142,630,393,1,1,
20,143,632,393,2,1,
20,144,634,393,2,1,
20,145,634,393,0,1,
20,146,634,393,0,1,
20,147,641,390,"7,615773106",1,
20,148,641,389,1,1,
20,149,642,388,"1,414213562",1,
20,150,643,387,"1,414213562",1,
20,151,642,386,"1,414213562",1,
20,152,643,385,"1,414213562",1,
20,153,647,385,4,1,
20,154,645,384,"2,236067977",1,
20,155,647,381,"3,605551275",1,
20,156,648,380,"1,414213562",1,
20,157,657,380,9,1,
20,158,650,378,"7,280109889",1,
20,159,652,375,"3,605551275",1,
20,160,656,371,"5,656854249",1,
20,161,657,369,"2,236067977",1,
20,162,657,369,0,1,
20,163,656,370,"1,414213562",1,
20,164,658,370,2,1,
20,165,657,370,1,1,
20,166,658,370,1,1,
20,167,658,370,0,1,
20,168,661,370,3,1,
20,169,660,370,1,1,
20,170,658,372,"2,828427125",1,
20,171,660,372,2,1,
20,172,660,373,1,1,
20,173,663,373,3,1,
20,174,667,373,4,1,
20,175,667,374,1,1,
20,176,667,375,1,1,
20,177,668,375,1,1,
20,178,668,375,0,1,
20,179,668,375,0,1,
20,180,669,375,1,1,
20,181,669,375,0,1,
20,182,668,374,"1,414213562",1,
20,183,668,374,0,1,
20,184,668,373,1,1,
20,185,670,373,2,1,
20,186,669,372,"1,414213562",1,
20,187,668,372,1,1,
20,188,670,372,2,1,
20,189,670,372,0,1,
20,190,672,371,"2,236067977",1,
20,191,676,369,"4,472135955",1,
20,192,678,369,2,1,
20,193,680,368,"2,236067977",1,
20,194,683,367,"3,16227766",1,
20,195,683,366,1,1,
20,196,684,366,1,1,
20,197,685,364,"2,236067977",1,
20,198,684,365,"1,414213562",1,
20,199,687,364,"3,16227766",1,
20,200,687,363,1,1,
20,201,689,363,2,1,
20,202,693,361,"4,472135955",1,
20,203,696,358,"4,242640687",1,
20,204,699,364,"6,708203932",1,
20,205,702,364,3,1,
20,206,704,368,"4,472135955",1,
20,207,702,373,"5,385164807",1,
20,208,704,373,2,1,
20,209,705,373,1,1,
20,210,706,373,1,1,
20,211,706,371,2,1,
20,212,707,371,1,1,
20,213,708,370,"1,414213562",1,
20,214,709,369,"1,414213562",1,
20,215,710,366,"3,16227766",1,
20,216,711,365,"1,414213562",1,
20,217,712,363,"2,236067977",1,
20,218,713,362,"1,414213562",1,
20,219,713,360,2,1,
20,220,714,360,1,1,
20,221,715,359,"1,414213562",1,
20,222,716,358,"1,414213562",1,
20,223,717,357,"1,414213562",1,
20,224,717,357,0,1,
20,225,717,357,0,1,
20,226,717,358,1,1,
20,227,717,360,2,1,
20,228,717,360,0,1,
20,229,721,363,5,1,
20,230,723,365,"2,828427125",1,
20,231,724,368,"3,16227766",1,
20,232,725,372,"4,123105626",1,
20,233,726,371,"1,414213562",1,
20,234,725,371,1,1,
20,235,726,369,"2,236067977",1,
20,236,728,369,2,1,
20,237,727,371,"2,236067977",1,
20,238,727,369,2,1,
20,239,728,369,1,1,
20,240,728,369,0,1,
20,241,729,369,1,1,
20,242,729,368,1,1,
20,243,731,366,"2,828427125",1,
20,244,733,363,"3,605551275",1,
20,245,735,365,"2,828427125",1,
20,246,737,363,"2,828427125",1,
20,247,738,363,1,1,
20,248,740,361,"2,828427125",1,
20,249,739,364,"3,16227766",1,
20,250,740,359,"5,099019514",1,
20,251,740,360,1,1,
20,252,738,364,"4,472135955",1,
20,253,735,362,"3,605551275",1,
20,254,730,359,"5,830951895",1,
20,255,730,350,9,1,
20,256,733,333,"17,2626765",1,
20,257,737,310,"23,34523506",1,
20,258,736,277,"33,01514804",1,
20,259,738,251,"26,07680962",1,
20,260,740,232,"19,10497317",1,
20,261,741,226,"6,08276253",1,
20,262,740,229,"3,16227766",1,
20,263,740,233,4,1,
20,264,742,235,"2,828427125",1,
20,265,744,231,"4,472135955",1,
20,266,746,233,"2,828427125",1,
20,267,746,235,2,1,
20,268,745,236,"1,414213562",1,
20,269,746,235,"1,414213562",1,
20,270,746,234,1,1,
20,271,747,233,"1,414213562",1,
20,272,747,233,0,1,
20,273,747,232,1,1,
20,274,748,233,"1,414213562",1,
20,275,748,232,1,1,
20,276,748,231,1,1,
20,277,748,233,2,1,
20,278,750,230,"3,605551275",1,
20,279,752,223,"7,280109889",1,
20,280,754,218,"5,385164807",1,
20,281,755,214,"4,123105626",1,
20,282,756,212,"2,236067977",1,
20,283,756,209,3,1,
20,284,757,210,"1,414213562",1,
20,285,757,210,0,1,
20,286,756,210,1,1,
20,287,756,208,2,1,
20,288,757,210,"2,236067977",1,
20,289,757,210,0,1,
20,290,757,209,1,1,
20,291,757,209,0,1,
20,292,758,210,"1,414213562",1,
20,293,760,207,"3,605551275",1,
20,294,764,211,"5,656854249",1,
20,295,768,209,"4,472135955",1,
20,296,771,210,"3,16227766",1,
20,297,774,209,"3,16227766",1,
20,298,775,209,1,1,
20,299,775,210,1,1,
21,0,559,434,0,2,
21,1,559,434,0,2,
21,2,559,434,0,2,
21,3,558,435,"1,414213562",2,
21,4,557,435,1,2,
21,5,557,436,1,2,
21,6,556,437,"1,414213562",2,
21,7,556,438,1,2,
21,8,556,438,0,2,
21,9,556,438,0,2,
21,10,555,444,"6,08276253",2,
21,11,555,446,2,2,
21,12,555,448,2,2,
21,13,555,449,1,2,
21,14,556,449,1,2,
21,15,559,445,5,2,
21,16,562,442,"4,242640687",2,
21,17,562,442,0,2,
21,18,563,441,"1,414213562",2,
21,19,566,440,"3,16227766",2,
21,20,564,441,"2,236067977",2,
21,21,562,441,20,2,
21,22,560,442,"2,236067977",2,
21,23,560,443,1,2,
21,24,559,445,"2,236067977",2,
21,25,560,445,1,2,
21,26,563,444,"3,16227766",2,
21,27,565,443,"2,236067977",2,
21,28,565,442,1,2,
21,29,564,442,1,2,
21,30,564,443,1,2,
21,31,564,442,1,2,
21,32,564,443,1,2,
21,33,564,443,0,2,
21,34,563,444,"1,414213562",2,
21,35,562,446,"2,236067977",2,
21,36,561,448,"2,236067977",2,
21,37,561,449,1,2,
21,38,562,449,1,2,
21,39,564,448,"2,236067977",2,
21,40,565,445,"3,16227766",2,
21,41,566,443,"2,236067977",2,
21,42,567,442,"1,414213562",2,
21,43,567,442,0,2,
21,44,567,442,0,2,
21,45,567,443,1,2,
21,46,567,444,1,2,
21,47,568,445,"1,414213562",2,
21,48,571,445,3,2,
21,49,574,442,"4,242640687",2,
21,50,577,436,"6,708203932",2,
21,51,577,436,0,2,
21,52,575,438,"2,828427125",2,
21,53,574,440,"2,236067977",2,
21,54,574,440,0,2,
21,55,573,439,"1,414213562",2,
21,56,573,439,0,2,
21,57,573,438,1,2,
21,58,575,437,"2,236067977",2,
21,59,578,435,"3,605551275",2,
21,60,581,433,"3,605551275",2,
21,61,582,433,1,2,
21,62,581,433,1,2,
21,63,580,434,"1,414213562",2,
21,64,579,436,"2,236067977",2,
21,65,580,437,"1,414213562",2,
21,66,581,438,"1,414213562",2,
21,67,585,438,4,2,
21,68,589,435,5,2,
21,69,592,430,"5,830951895",2,
21,70,593,430,1,2,
21,71,589,435,"6,403124237",2,
21,72,587,436,"2,236067977",2,
21,73,587,435,1,2,
21,74,588,435,1,2,
21,75,591,433,"3,605551275",2,
21,76,592,430,"3,16227766",2,
21,77,591,431,"1,414213562",2,
21,78,588,434,"4,242640687",2,
21,79,586,436,"2,828427125",2,
21,80,587,436,1,2,
21,81,589,435,"2,236067977",2,
21,82,592,434,"3,16227766",2,
21,83,596,431,5,2,
21,84,601,426,"7,071067812",2,
21,85,602,422,"4,123105626",2,
21,86,602,421,1,2,
21,87,600,423,"2,828427125",2,
21,88,596,425,"4,472135955",2,
21,89,593,427,"3,605551275",2,
21,90,592,427,1,2,
21,91,593,427,1,2,
21,92,594,426,"1,414213562",2,
21,93,598,424,"4,472135955",2,
21,94,598,424,0,2,
21,95,603,421,"5,830951895",2,
21,96,603,421,0,2,
21,97,603,422,1,2,
21,98,601,424,"2,828427125",2,
21,99,600,426,"2,236067977",2,
21,100,600,426,0,2,
21,101,601,426,1,2,
21,102,603,426,2,2,
21,103,606,426,3,2,
21,104,608,424,"2,828427125",2,
21,105,608,422,2,2,
21,106,613,417,"7,071067812",2,
21,107,621,406,"13,60147051",2,
21,108,630,394,15,2,
21,109,635,382,13,2,
21,110,634,376,"6,08276253",2,
21,111,633,371,"5,099019514",2,
21,112,631,365,"6,32455532",2,
21,113,630,356,"9,055385138",2,
21,114,635,339,"17,72004515",2,
21,115,633,340,"2,236067977",2,
21,116,630,346,"6,708203932",2,
21,117,630,353,7,2,
21,118,627,362,"9,486832981",2,
21,119,622,380,"18,68154169",2,
21,120,620,386,"6,32455532",2,
21,121,620,389,3,2,
21,122,620,390,1,2,
21,123,621,391,"1,414213562",2,
21,124,621,393,2,2,
21,125,623,392,"2,236067977",2,
21,126,624,392,1,2,
21,127,624,391,1,2,
21,128,624,391,0,2,
21,129,623,392,"1,414213562",2,
21,130,623,392,0,2,
21,131,623,392,0,2,
21,132,623,393,1,2,
21,133,622,393,1,2,
21,134,621,394,"1,414213562",2,
21,135,620,395,"1,414213562",2,
21,136,620,395,0,2,
21,137,620,394,1,2,
21,138,620,394,0,2,
21,139,620,394,0,2,
21,140,620,395,1,2,
21,141,620,396,1,2,
21,142,619,395,"1,414213562",2,
21,143,619,396,1,2,
21,144,619,396,0,2,
21,145,619,396,0,2,
21,146,619,395,1,2,
21,147,620,395,1,2,
21,148,620,394,1,2,
21,149,620,394,0,2,
21,150,619,396,"2,236067977",2,
21,151,618,396,1,2,
21,152,618,397,1,2,
21,153,618,397,0,2,
21,154,618,398,1,2,
21,155,620,396,"2,828427125",2,
21,156,620,395,1,2,
21,157,620,394,1,2,
21,158,618,396,"2,828427125",2,
21,159,617,398,"2,236067977",2,
21,160,617,398,0,2,
21,161,617,398,0,2,
21,162,617,398,0,2,
21,163,617,399,1,2,
21,164,616,399,1,2,
21,165,616,399,0,2,
21,166,615,399,1,2,
21,167,615,399,0,2,
21,168,615,398,1,2,
21,169,615,399,1,2,
21,170,615,400,1,2,
21,171,615,401,1,2,
21,172,615,401,0,2,
21,173,618,401,3,2,
21,174,620,400,"2,236067977",2,
21,175,621,397,"3,16227766",2,
21,176,619,396,"2,236067977",2,
21,177,617,398,"2,828427125",2,
21,178,616,399,"1,414213562",2,
21,179,616,399,0,2,
21,180,616,399,0,2,
21,181,618,398,"2,236067977",2,
21,182,622,395,5,2,
21,183,628,388,"9,219544457",2,
21,184,632,381,"8,062257748",2,
21,185,634,378,"3,605551275",2,
21,186,633,376,"2,236067977",2,
21,187,632,378,"2,236067977",2,
21,188,630,378,2,2,
21,189,630,380,2,2,
21,190,630,381,1,2,
21,191,630,386,5,2,
21,192,632,384,"2,828427125",2,
21,193,632,388,4,2,
21,194,632,389,1,2,
21,195,635,388,"3,16227766",2,
21,196,637,384,"4,472135955",2,
21,197,637,383,1,2,
21,198,636,383,1,2,
21,199,636,383,0,2,
21,200,636,382,1,2,
21,201,636,384,2,2,
21,202,637,384,1,2,
21,203,638,384,1,2,
21,204,638,380,4,2,
21,205,636,378,"2,828427125",2,
21,206,635,379,"1,414213562",2,
21,207,636,379,1,2,
21,208,638,380,"2,236067977",2,
21,209,641,380,3,2,
21,210,642,381,"1,414213562",2,
21,211,642,380,1,2,
21,212,641,380,1,2,
21,213,641,382,2,2,
21,214,641,383,1,2,
21,215,641,384,1,2,
21,216,642,383,"1,414213562",2,
21,217,642,382,1,2,
21,218,644,382,2,2,
21,219,647,382,3,2,
21,220,648,379,"3,16227766",2,
21,221,648,380,1,2,
21,222,649,380,1,2,
21,223,650,379,"1,414213562",2,
21,224,650,379,0,2,
21,225,650,380,1,2,
21,226,649,380,1,2,
21,227,649,381,1,2,
21,228,648,382,"1,414213562",2,
21,229,646,383,"2,236067977",2,
21,230,645,385,"2,236067977",2,
21,231,645,387,2,2,
21,232,646,387,1,2,
21,233,650,382,"6,403124237",2,
21,234,655,382,5,2,
21,235,660,379,"5,830951895",2,
21,236,664,369,"10,77032961",2,
21,237,664,369,0,2,
21,238,660,373,"5,656854249",2,
21,239,660,376,3,2,
21,240,660,375,1,2,
21,241,658,374,"2,236067977",2,
21,242,657,374,1,2,
21,243,656,375,"1,414213562",2,
21,244,654,378,"3,605551275",2,
21,245,653,380,"2,236067977",2,
21,246,655,378,"2,828427125",2,
21,247,658,377,"3,16227766",2,
21,248,658,378,1,2,
21,249,658,378,0,2,
21,250,659,378,1,2,
21,251,661,378,2,2,
21,252,664,378,3,2,
21,253,667,373,"5,830951895",2,
21,254,668,370,"3,16227766",2,
21,255,667,369,"1,414213562",2,
21,256,665,370,"2,236067977",2,
21,257,665,370,0,2,
21,258,665,371,1,2,
21,259,665,374,3,2,
21,260,666,374,1,2,
21,261,666,375,1,2,
21,262,667,374,"1,414213562",2,
21,263,668,372,"2,236067977",2,
21,264,668,371,1,2,
21,265,668,370,1,2,
21,266,669,372,"2,236067977",2,
21,267,669,372,0,2,
21,268,670,371,"1,414213562",2,
21,269,671,369,"2,236067977",2,
21,270,671,370,1,2,
21,271,671,370,0,2,
21,272,671,371,1,2,
21,273,672,372,"1,414213562",2,
21,274,674,371,"2,236067977",2,
21,275,676,369,"2,828427125",2,
21,276,676,368,1,2,
21,277,675,365,"3,16227766",2,
21,278,674,365,1,2,
21,279,674,366,1,2,
21,280,674,366,0,2,
21,281,675,366,1,2,
21,282,679,365,"4,123105626",2,
21,283,684,362,"5,830951895",2,
21,284,691,357,"8,602325267",2,
21,285,696,350,"8,602325267",2,
21,286,696,345,5,2,
21,287,693,345,3,2,
21,288,690,344,"3,16227766",2,
21,289,690,344,0,2,
21,290,687,346,"3,605551275",2,
21,291,687,346,0,2,
21,292,688,347,"1,414213562",2,
21,293,690,347,2,2,
21,294,692,346,"2,236067977",2,
21,295,692,344,2,2,
21,296,692,343,1,2,
21,297,692,344,1,2,
21,298,690,344,2,2,
21,299,690,344,0,2,
21,300,690,344,0,2,
22,0,466,510,0,1,
22,1,465,510,1,1,
22,2,468,510,3,1,
22,3,468,510,0,1,
22,4,470,511,"2,236067977",1,
22,5,470,511,0,1,
22,6,470,510,1,1,
22,7,470,510,0,1,
22,8,469,510,1,1,
22,9,470,510,1,1,
22,10,472,510,2,1,
22,11,472,510,0,1,
22,12,473,510,1,1,
22,13,470,509,"3,16227766",1,
22,14,468,509,2,1,
22,15,469,508,"1,414213562",1,
22,16,470,508,1,1,
22,17,470,508,0,1,
22,18,470,508,0,1,
22,19,470,508,0,1,
22,20,469,509,"1,414213562",1,
22,21,467,508,"2,236067977",1,
22,22,467,508,21,1,
22,23,467,509,1,1,
22,24,468,510,"1,414213562",1,
22,25,467,510,1,1,
22,26,467,510,0,1,
22,27,469,510,2,1,
22,28,470,509,"1,414213562",1,
22,29,472,509,2,1,
22,30,474,509,2,1,
22,31,475,509,1,1,
22,32,474,509,1,1,
22,33,472,509,2,1,
22,34,468,508,"4,123105626",1,
22,35,472,510,"4,472135955",1,
22,36,471,512,"2,236067977",1,
22,37,471,513,1,1,
22,38,470,512,"1,414213562",1,
22,39,470,511,1,1,
22,40,472,510,"2,236067977",1,
22,41,472,510,0,1,
22,42,471,510,1,1,
22,43,471,511,1,1,
22,44,471,511,0,1,
22,45,470,511,1,1,
22,46,470,511,0,1,
22,47,470,511,0,1,
22,48,470,510,1,1,
22,49,472,509,"2,236067977",1,
22,50,471,509,1,1,
22,51,472,509,1,1,
22,52,470,509,2,1,
22,53,468,509,2,1,
22,54,486,526,"24,75883681",1,
22,55,460,512,"29,52964612",1,
22,56,461,512,1,1,
22,57,461,514,2,1,
22,58,462,514,1,1,
22,59,462,512,2,1,
22,60,464,514,"2,828427125",1,
22,61,464,514,0,1,
22,62,463,513,"1,414213562",1,
22,63,463,513,0,1,
22,64,464,512,"1,414213562",1,
22,65,465,512,1,1,
22,66,474,514,"9,219544457",1,
22,67,471,511,"4,242640687",1,
22,68,490,522,"21,9544984",1,
22,69,622,484,"137,3608387",1,
22,70,619,484,3,1,
22,71,619,484,0,1,
22,72,486,522,"138,3220879",1,
22,73,478,517,"9,433981132",1,
22,74,470,513,"8,94427191",1,
22,75,468,516,"3,605551275",1,
22,76,468,516,0,1,
22,77,467,522,"6,08276253",1,
22,78,466,523,"1,414213562",1,
22,79,466,523,0,1,
22,80,466,523,0,1,
22,81,465,523,1,1,
22,82,465,523,0,1,
22,83,465,523,0,1,
22,84,466,523,1,1,
22,85,466,523,0,1,
22,86,465,523,1,1,
22,87,466,523,1,1,
22,88,466,523,0,1,
22,89,466,522,1,1,
22,90,466,522,0,1,
22,91,466,522,0,1,
22,92,466,522,0,1,
22,93,466,522,0,1,
22,94,466,522,0,1,
22,95,466,522,0,1,
22,96,468,522,2,1,
22,97,473,518,"6,403124237",1,
22,98,476,513,"5,830951895",1,
22,99,478,509,"4,472135955",1,
22,100,478,509,0,1,
22,101,478,509,0,1,
22,102,478,509,0,1,
22,103,479,508,"1,414213562",1,
22,104,479,510,2,1,
22,105,481,510,2,1,
22,106,483,509,"2,236067977",1,
22,107,486,507,"3,605551275",1,
22,108,488,504,"3,605551275",1,
22,109,489,504,1,1,
22,110,489,503,1,1,
22,111,487,508,"5,385164807",1,
22,112,485,512,"4,472135955",1,
22,113,486,514,"2,236067977",1,
22,114,487,516,"2,236067977",1,
22,115,491,517,"4,123105626",1,
22,116,503,514,"12,36931688",1,
22,117,516,509,"13,92838828",1,
22,118,513,511,"3,605551275",1,
22,119,504,517,"10,81665383",1,
22,120,500,517,4,1,
22,121,500,516,1,1,
22,122,498,516,2,1,
22,123,498,516,0,1,
22,124,498,516,0,1,
22,125,499,516,1,1,
22,126,499,516,0,1,
22,127,501,515,"2,236067977",1,
22,128,505,513,"4,472135955",1,
22,129,504,512,"1,414213562",1,
22,130,499,513,"5,099019514",1,
22,131,498,514,"1,414213562",1,
22,132,497,517,"3,16227766",1,
22,133,499,518,"2,236067977",1,
22,134,501,517,"2,236067977",1,
22,135,504,516,"3,16227766",1,
22,136,504,516,0,1,
22,137,506,514,"2,828427125",1,
22,138,506,514,0,1,
22,139,506,513,1,1,
22,140,507,512,"1,414213562",1,
22,141,506,513,"1,414213562",1,
22,142,506,513,0,1,
22,143,506,514,1,1,
22,144,505,516,"2,236067977",1,
22,145,505,516,0,1,
22,146,506,516,1,1,
22,147,508,515,"2,236067977",1,
22,148,511,514,"3,16227766",1,
22,149,513,512,"2,828427125",1,
22,150,513,512,0,1,
22,151,513,511,1,1,
22,152,513,512,1,1,
22,153,513,511,1,1,
22,154,511,510,"2,236067977",1,
22,155,512,510,1,1,
22,156,512,509,1,1,
22,157,512,510,1,1,
22,158,512,510,0,1,
22,159,512,510,0,1,
22,160,513,511,"1,414213562",1,
22,161,514,511,1,1,
22,162,515,512,"1,414213562",1,
22,163,518,511,"3,16227766",1,
22,164,518,511,0,1,
22,165,521,508,"4,242640687",1,
22,166,522,507,"1,414213562",1,
22,167,522,508,1,1,
22,168,521,511,"3,16227766",1,
22,169,521,513,2,1,
22,170,521,513,0,1,
22,171,523,513,2,1,
22,172,530,512,"7,071067812",1,
22,173,536,508,"7,211102551",1,
22,174,538,506,"2,828427125",1,
22,175,538,506,0,1,
22,176,535,507,"3,16227766",1,
22,177,534,508,"1,414213562",1,
22,178,533,509,"1,414213562",1,
22,179,531,510,"2,236067977",1,
22,180,531,511,1,1,
22,181,534,512,"3,16227766",1,
22,182,537,510,"3,605551275",1,
22,183,539,508,"2,828427125",1,
22,184,537,508,2,1,
22,185,534,509,"3,16227766",1,
22,186,531,511,"3,605551275",1,
22,187,532,512,"1,414213562",1,
22,188,535,512,3,1,
22,189,535,512,0,1,
22,190,541,510,"6,32455532",1,
22,191,543,508,"2,828427125",1,
22,192,543,507,1,1,
22,193,542,507,1,1,
22,194,544,507,2,1,
22,195,544,507,0,1,
22,196,549,506,"5,099019514",1,
22,197,549,507,1,1,
22,198,546,508,"3,16227766",1,
22,199,544,509,"2,236067977",1,
22,200,543,511,"2,236067977",1,
22,201,545,512,"2,236067977",1,
22,202,548,512,3,1,
22,203,554,511,"6,08276253",1,
22,204,561,507,"8,062257748",1,
22,205,564,506,"3,16227766",1,
22,206,564,506,0,1,
22,207,562,506,2,1,
22,208,562,506,0,1,
22,209,562,508,2,1,
22,210,564,507,"2,236067977",1,
22,211,568,506,"4,123105626",1,
22,212,573,504,"5,385164807",1,
22,213,573,504,0,1,
22,214,572,502,"2,236067977",1,
22,215,571,503,"1,414213562",1,
22,216,567,506,5,1,
22,217,567,511,5,1,
22,218,564,515,5,1,
22,219,560,519,"5,656854249",1,
22,220,555,520,"5,099019514",1,
22,221,548,521,"7,071067812",1,
22,222,546,521,2,1,
22,223,546,520,1,1,
22,224,547,520,1,1,
22,225,550,520,3,1,
22,226,551,519,"1,414213562",1,
22,227,551,518,1,1,
22,228,553,516,"2,828427125",1,
22,229,559,512,"7,211102551",1,
22,230,572,505,"14,76482306",1,
22,231,580,491,"16,1245155",1,
22,232,594,469,"26,07680962",1,
22,233,604,446,"25,07987241",1,
22,234,603,429,"17,02938637",1,
22,235,606,419,"10,44030651",1,
22,236,607,414,"5,099019514",1,
22,237,609,416,"2,828427125",1,
22,238,614,419,"5,830951895",1,
22,239,615,434,"15,03329638",1,
22,240,610,452,"18,68154169",1,
22,241,605,460,"9,433981132",1,
22,242,605,460,0,1,
22,243,605,460,0,1,
22,244,619,448,"18,43908891",1,
22,245,616,453,"5,830951895",1,
22,246,613,454,"3,16227766",1,
22,247,614,452,"2,236067977",1,
22,248,612,453,"2,236067977",1,
22,249,610,454,"2,236067977",1,
22,250,610,456,2,1,
22,251,611,458,"2,236067977",1,
22,252,611,461,3,1,
22,253,612,461,1,1,
22,254,612,461,0,1,
22,255,614,459,"2,828427125",1,
22,256,618,451,"8,94427191",1,
22,257,619,446,"5,099019514",1,
22,258,619,446,0,1,
22,259,618,446,1,1,
22,260,619,446,1,1,
22,261,625,445,"6,08276253",1,
22,262,629,445,4,1,
22,263,631,446,"2,236067977",1,
22,264,628,449,"4,242640687",1,
22,265,625,450,"3,16227766",1,
22,266,623,450,2,1,
22,267,621,452,"2,828427125",1,
22,268,620,454,"2,236067977",1,
22,269,620,454,0,1,
22,270,624,456,"4,472135955",1,
22,271,625,456,1,1,
22,272,625,458,2,1,
22,273,622,460,"3,605551275",1,
22,274,623,460,1,1,
22,275,619,459,"4,123105626",1,
22,276,619,459,0,1,
22,277,620,459,1,1,
22,278,621,460,"1,414213562",1,
22,279,628,456,"8,062257748",1,
22,280,640,450,"13,41640786",1,
22,281,651,444,"12,52996409",1,
22,282,659,441,"8,544003745",1,
22,283,655,441,4,1,
22,284,651,442,"4,123105626",1,
22,285,649,443,"2,236067977",1,
22,286,649,443,0,1,
22,287,656,439,"8,062257748",1,
22,288,650,441,"6,32455532",1,
22,289,649,441,1,1,
22,290,652,438,"4,242640687",1,
22,291,651,437,"1,414213562",1,
22,292,651,439,2,1,
22,293,649,442,"3,605551275",1,
22,294,648,441,"1,414213562",1,
22,295,651,436,"5,830951895",1,
22,296,650,434,"2,236067977",1,
22,297,648,434,2,1,
22,298,649,434,1,1,
22,299,648,433,"1,414213562",1,
22,300,647,432,"1,414213562",1,
23,0,537,525,0,3,
23,1,536,525,1,3,
23,2,536,524,1,3,
23,3,534,524,2,3,
23,4,533,525,"1,414213562",3,
23,5,532,525,1,3,
23,6,531,526,"1,414213562",3,
23,7,530,527,"1,414213562",3,
23,8,528,528,"2,236067977",3,
23,9,526,528,2,3,
23,10,523,526,"3,605551275",3,
23,11,524,526,1,3,
23,12,530,526,6,3,
23,13,532,525,"2,236067977",3,
23,14,532,525,0,3,
23,15,532,526,1,3,
23,16,532,526,0,3,
23,17,532,527,1,3,
23,18,532,527,0,3,
23,19,532,527,0,3,
23,20,532,527,0,3,
23,21,533,527,1,3,
23,22,532,527,1,3,
23,23,532,526,22,3,
23,24,532,526,0,3,
23,25,533,527,"1,414213562",3,
23,26,533,527,0,3,
23,27,533,531,4,3,
23,28,532,535,"4,123105626",3,
23,29,532,536,1,3,
23,30,531,535,"1,414213562",3,
23,31,531,535,0,3,
23,32,530,533,"2,236067977",3,
23,33,529,531,"2,236067977",3,
23,34,530,529,"2,236067977",3,
23,35,532,525,"4,472135955",3,
23,36,532,525,0,3,
23,37,538,520,"7,810249676",3,
23,38,542,521,"4,123105626",3,
23,39,544,524,"3,605551275",3,
23,40,540,530,"7,211102551",3,
23,41,532,533,"8,544003745",3,
23,42,532,533,0,3,
23,43,532,533,0,3,
23,44,544,527,"13,41640786",3,
23,45,550,525,"6,32455532",3,
23,46,549,526,"1,414213562",3,
23,47,549,526,0,3,
23,48,551,526,2,3,
23,49,550,527,"1,414213562",3,
23,50,550,527,0,3,
23,51,550,530,3,3,
23,52,550,530,0,3,
23,53,553,529,"3,16227766",3,
23,54,557,524,"6,403124237",3,
23,55,559,516,"8,246211251",3,
23,56,556,516,3,3,
23,57,556,516,0,3,
23,58,556,516,0,3,
23,59,559,519,"4,242640687",3,
23,60,562,518,"3,16227766",3,
23,61,567,522,"6,403124237",3,
23,62,566,524,"2,236067977",3,
23,63,564,524,2,3,
23,64,560,523,"4,123105626",3,
23,65,558,523,2,3,
23,66,558,524,1,3,
23,67,558,524,0,3,
23,68,557,528,"4,123105626",3,
23,69,559,530,"2,828427125",3,
23,70,558,530,1,3,
23,71,560,529,"2,236067977",3,
23,72,564,525,"5,656854249",3,
23,73,566,523,"2,828427125",3,
23,74,566,524,1,3,
23,75,566,526,2,3,
23,76,567,527,"1,414213562",3,
23,77,568,525,"2,236067977",3,
23,78,576,519,10,3,
23,79,586,515,"10,77032961",3,
23,80,586,515,0,3,
23,81,581,515,5,3,
23,82,580,515,1,3,
23,83,581,514,"1,414213562",3,
23,84,580,513,"1,414213562",3,
23,85,578,512,"2,236067977",3,
23,86,576,513,"2,236067977",3,
23,87,577,519,"6,08276253",3,
23,88,573,521,"4,472135955",3,
23,89,574,521,1,3,
23,90,576,520,"2,236067977",3,
23,91,583,517,"7,615773106",3,
23,92,583,517,0,3,
23,93,586,509,"8,544003745",3,
23,94,583,513,5,3,
23,95,583,515,2,3,
23,96,581,515,2,3,
23,97,577,516,"4,123105626",3,
23,98,576,519,"3,16227766",3,
23,99,576,519,0,3,
23,100,576,519,0,3,
23,101,580,518,"4,123105626",3,
23,102,587,514,"8,062257748",3,
23,103,590,513,"3,16227766",3,
23,104,594,511,"4,472135955",3,
23,105,598,509,"4,472135955",3,
23,106,599,510,"1,414213562",3,
23,107,597,511,"2,236067977",3,
23,108,595,512,"2,236067977",3,
23,109,594,513,"1,414213562",3,
23,110,595,514,"1,414213562",3,
23,111,594,515,"1,414213562",3,
23,112,594,516,1,3,
23,113,596,515,"2,236067977",3,
23,114,596,515,0,3,
23,115,609,505,"16,40121947",3,
23,116,615,499,"8,485281374",3,
23,117,620,495,"6,403124237",3,
23,118,624,492,5,3,
23,119,625,491,"1,414213562",3,
23,120,624,492,"1,414213562",3,
23,121,622,493,"2,236067977",3,
23,122,620,494,"2,236067977",3,
23,123,620,494,0,3,
23,124,619,496,"2,236067977",3,
23,125,620,496,1,3,
23,126,620,497,1,3,
23,127,618,497,2,3,
23,128,614,498,"4,123105626",3,
23,129,614,498,0,3,
23,130,614,498,0,3,
23,131,616,497,"2,236067977",3,
23,132,619,491,"6,708203932",3,
23,133,621,486,"5,385164807",3,
23,134,619,488,"2,828427125",3,
23,135,614,492,"6,403124237",3,
23,136,614,492,0,3,
23,137,611,498,"6,708203932",3,
23,138,611,502,4,3,
23,139,614,501,"3,16227766",3,
23,140,615,502,"1,414213562",3,
23,141,617,502,2,3,
23,142,617,501,1,3,
23,143,614,502,"3,16227766",3,
23,144,610,502,4,3,
23,145,610,504,2,3,
23,146,609,505,"1,414213562",3,
23,147,613,506,"4,123105626",3,
23,148,617,504,"4,472135955",3,
23,149,621,501,5,3,
23,150,623,502,"2,236067977",3,
23,151,621,501,"2,236067977",3,
23,152,621,501,0,3,
23,153,620,499,"2,236067977",3,
23,154,620,499,0,3,
23,155,621,499,1,3,
23,156,621,500,1,3,
23,157,621,500,0,3,
23,158,622,500,1,3,
23,159,622,500,0,3,
23,160,622,500,0,3,
23,161,622,500,0,3,
23,162,620,501,"2,236067977",3,
23,163,620,504,3,3,
23,164,621,505,"1,414213562",3,
23,165,622,504,"1,414213562",3,
23,166,626,499,"6,403124237",3,
23,167,628,495,"4,472135955",3,
23,168,624,495,4,3,
23,169,624,495,0,3,
23,170,620,495,4,3,
23,171,622,494,"2,236067977",3,
23,172,622,494,0,3,
23,173,624,493,"2,236067977",3,
23,174,627,493,3,3,
23,175,629,493,2,3,
23,176,630,494,"1,414213562",3,
23,177,631,495,"1,414213562",3,
23,178,631,496,1,3,
23,179,632,495,"1,414213562",3,
23,180,632,494,1,3,
23,181,633,494,1,3,
23,182,633,494,0,3,
23,183,634,496,"2,236067977",3,
23,184,633,496,1,3,
23,185,632,496,1,3,
23,186,633,496,1,3,
23,187,631,496,2,3,
23,188,628,494,"3,605551275",3,
23,189,628,494,0,3,
23,190,628,493,1,3,
23,191,629,493,1,3,
23,192,630,493,1,3,
23,193,630,493,0,3,
23,194,634,494,"4,123105626",3,
23,195,634,494,0,3,
23,196,633,494,1,3,
23,197,632,496,"2,236067977",3,
23,198,631,498,"2,236067977",3,
23,199,630,500,"2,236067977",3,
23,200,632,499,"2,236067977",3,
23,201,635,498,"3,16227766",3,
23,202,642,495,"7,615773106",3,
23,203,646,494,"4,123105626",3,
23,204,645,496,"2,236067977",3,
23,205,645,496,0,3,
23,206,645,496,0,3,
23,207,645,496,0,3,
23,208,645,494,2,3,
23,209,643,494,2,3,
23,210,637,495,"6,08276253",3,
23,211,635,497,"2,828427125",3,
23,212,635,498,1,3,
23,213,638,497,"3,16227766",3,
23,214,640,497,2,3,
23,215,644,493,"5,656854249",3,
23,216,645,488,"5,099019514",3,
23,217,647,487,"2,236067977",3,
23,218,647,487,0,3,
23,219,644,489,"3,605551275",3,
23,220,643,493,"4,123105626",3,
23,221,645,495,"2,828427125",3,
23,222,647,496,"2,236067977",3,
23,223,655,494,"8,246211251",3,
23,224,668,487,"14,76482306",3,
23,225,677,483,"9,848857802",3,
23,226,675,483,2,3,
23,227,675,478,5,3,
23,228,674,477,"1,414213562",3,
23,229,683,471,"10,81665383",3,
23,230,683,471,0,3,
23,231,695,450,"24,18677324",3,
23,232,698,436,"14,31782106",3,
23,233,696,432,"4,472135955",3,
23,234,692,437,"6,403124237",3,
23,235,692,437,0,3,
23,236,692,437,0,3,
23,237,681,469,"33,83784863",3,
23,238,678,470,"3,16227766",3,
23,239,676,471,"2,236067977",3,
23,240,674,473,"2,828427125",3,
23,241,672,475,"2,828427125",3,
23,242,670,476,"2,236067977",3,
23,243,669,477,"1,414213562",3,
23,244,666,483,"6,708203932",3,
23,245,667,482,"1,414213562",3,
23,246,665,485,"3,605551275",3,
23,247,666,487,"2,236067977",3,
23,248,667,488,"1,414213562",3,
23,249,670,487,"3,16227766",3,
23,250,676,485,"6,32455532",3,
23,251,683,479,"9,219544457",3,
23,252,694,472,"13,03840481",3,
23,253,700,467,"7,810249676",3,
23,254,700,464,3,3,
23,255,693,464,7,3,
23,256,690,460,5,3,
23,257,688,454,"6,32455532",3,
23,258,686,452,"2,828427125",3,
23,259,686,452,0,3,
23,260,687,452,1,3,
23,261,685,453,"2,236067977",3,
23,262,684,453,1,3,
23,263,687,450,"4,242640687",3,
23,264,688,444,"6,08276253",3,
23,265,689,443,"1,414213562",3,
23,266,694,439,"6,403124237",3,
23,267,698,438,"4,123105626",3,
23,268,699,440,"2,236067977",3,
23,269,694,451,"12,08304597",3,
23,270,691,458,"7,615773106",3,
23,271,692,461,"3,16227766",3,
23,272,694,457,"4,472135955",3,
23,273,695,454,"3,16227766",3,
23,274,691,455,"4,123105626",3,
23,275,689,453,"2,828427125",3,
23,276,690,451,"2,236067977",3,
23,277,689,449,"2,236067977",3,
23,278,688,429,"20,02498439",3,
23,279,699,431,"11,18033989",3,
23,280,700,429,"2,236067977",3,
23,281,690,439,"14,14213562",3,
23,282,687,443,5,3,
23,283,685,438,"5,385164807",3,
23,284,682,458,"20,22374842",3,
23,285,681,454,"4,123105626",3,
23,286,678,459,"5,830951895",3,
23,287,679,457,"2,236067977",3,
23,288,679,457,0,3,
23,289,679,458,1,3,
23,290,679,458,0,3,
23,291,679,457,1,3,
23,292,681,457,2,3,
23,293,683,457,2,3,
23,294,685,456,"2,236067977",3,
23,295,686,455,"1,414213562",3,
23,296,686,455,0,3,
23,297,685,454,"1,414213562",3,
23,298,684,454,1,3,
23,299,683,455,"1,414213562",3,
23,300,683,454,1,3,
24,0,476,539,0,3,
24,1,476,539,0,3,
24,2,476,539,0,3,
24,3,475,540,"1,414213562",3,
24,4,471,538,"4,472135955",3,
24,5,472,540,"2,236067977",3,
24,6,471,541,"1,414213562",3,
24,7,471,542,1,3,
24,8,471,542,0,3,
24,9,471,542,0,3,
24,10,472,543,"1,414213562",3,
24,11,467,543,5,3,
24,12,468,544,"1,414213562",3,
24,13,469,546,"2,236067977",3,
24,14,467,548,"2,828427125",3,
24,15,466,549,"1,414213562",3,
24,16,465,548,"1,414213562",3,
24,17,464,548,1,3,
24,18,467,547,"3,16227766",3,
24,19,465,547,2,3,
24,20,460,546,"5,099019514",3,
24,21,457,547,"3,16227766",3,
24,22,453,549,"4,472135955",3,
24,23,453,549,0,3,
24,24,459,551,23,3,
24,25,466,548,"7,615773106",3,
24,26,471,545,"5,830951895",3,
24,27,474,543,"3,605551275",3,
24,28,478,541,"4,472135955",3,
24,29,478,541,0,3,
24,30,477,541,1,3,
24,31,480,543,"3,605551275",3,
24,32,477,544,"3,16227766",3,
24,33,478,544,1,3,
24,34,478,544,0,3,
24,35,476,545,"2,236067977",3,
24,36,474,547,"2,828427125",3,
24,37,470,549,"4,472135955",3,
24,38,471,550,"1,414213562",3,
24,39,469,549,"2,236067977",3,
24,40,473,549,4,3,
24,41,473,545,4,3,
24,42,473,545,0,3,
24,43,472,547,"2,236067977",3,
24,44,472,547,0,3,
24,45,472,546,1,3,
24,46,474,545,"2,236067977",3,
24,47,477,542,"4,242640687",3,
24,48,480,541,"3,16227766",3,
24,49,479,542,"1,414213562",3,
24,50,478,544,"2,236067977",3,
24,51,478,546,2,3,
24,52,479,547,"1,414213562",3,
24,53,481,545,"2,828427125",3,
24,54,486,541,"6,403124237",3,
24,55,487,540,"1,414213562",3,
24,56,485,542,"2,828427125",3,
24,57,484,543,"1,414213562",3,
24,58,484,545,2,3,
24,59,482,547,"2,828427125",3,
24,60,481,549,"2,236067977",3,
24,61,482,550,"1,414213562",3,
24,62,484,549,"2,236067977",3,
24,63,488,546,5,3,
24,64,492,543,5,3,
24,65,494,542,"2,236067977",3,
24,66,493,542,1,3,
24,67,492,544,"2,236067977",3,
24,68,492,544,0,3,
24,69,491,545,"1,414213562",3,
24,70,493,545,2,3,
24,71,497,544,"4,123105626",3,
24,72,503,539,"7,810249676",3,
24,73,512,532,"11,40175425",3,
24,74,519,528,"8,062257748",3,
24,75,520,527,"1,414213562",3,
24,76,524,526,"4,123105626",3,
24,77,526,528,"2,828427125",3,
24,78,523,529,"3,16227766",3,
24,79,520,529,3,3,
24,80,519,530,"1,414213562",3,
24,81,516,530,3,3,
24,82,507,536,"10,81665383",3,
24,83,507,536,0,3,
24,84,509,535,"2,236067977",3,
24,85,514,534,"5,099019514",3,
24,86,517,531,"4,242640687",3,
24,87,517,531,0,3,
24,88,517,531,0,3,
24,89,517,532,1,3,
24,90,517,532,0,3,
24,91,523,531,"6,08276253",3,
24,92,529,529,"6,32455532",3,
24,93,534,526,"5,830951895",3,
24,94,535,526,1,3,
24,95,534,525,"1,414213562",3,
24,96,527,528,"7,615773106",3,
24,97,531,526,"4,472135955",3,
24,98,532,521,"5,099019514",3,
24,99,532,517,4,3,
24,100,531,517,1,3,
24,101,528,521,5,3,
24,102,525,526,"5,830951895",3,
24,103,526,527,"1,414213562",3,
24,104,528,526,"2,236067977",3,
24,105,530,526,2,3,
24,106,531,526,1,3,
24,107,531,525,1,3,
24,108,529,523,"2,828427125",3,
24,109,525,523,4,3,
24,110,523,525,"2,828427125",3,
24,111,525,525,2,3,
24,112,531,525,6,3,
24,113,539,522,"8,544003745",3,
24,114,543,521,"4,123105626",3,
24,115,541,521,2,3,
24,116,539,521,2,3,
24,117,540,522,"1,414213562",3,
24,118,540,522,0,3,
24,119,541,521,"1,414213562",3,
24,120,543,523,"2,828427125",3,
24,121,541,527,"4,472135955",3,
24,122,540,529,"2,236067977",3,
24,123,541,529,1,3,
24,124,546,528,"5,099019514",3,
24,125,552,527,"6,08276253",3,
24,126,559,523,"8,062257748",3,
24,127,564,521,"5,385164807",3,
24,128,562,522,"2,236067977",3,
24,129,557,525,"5,830951895",3,
24,130,553,524,"4,123105626",3,
24,131,554,524,1,3,
24,132,556,524,2,3,
24,133,559,522,"3,605551275",3,
24,134,559,520,2,3,
24,135,557,520,2,3,
24,136,554,522,"3,605551275",3,
24,137,550,525,5,3,
24,138,551,526,"1,414213562",3,
24,139,554,525,"3,16227766",3,
24,140,558,523,"4,472135955",3,
24,141,565,520,"7,615773106",3,
24,142,569,516,"5,656854249",3,
24,143,572,514,"3,605551275",3,
24,144,570,516,"2,828427125",3,
24,145,570,517,1,3,
24,146,571,516,"1,414213562",3,
24,147,571,515,1,3,
24,148,570,516,"1,414213562",3,
24,149,566,517,"4,123105626",3,
24,150,562,522,"6,403124237",3,
24,151,562,524,2,3,
24,152,564,524,2,3,
24,153,569,523,"5,099019514",3,
24,154,571,521,"2,828427125",3,
24,155,571,522,1,3,
24,156,573,522,2,3,
24,157,576,522,3,3,
24,158,582,520,"6,32455532",3,
24,159,590,515,"9,433981132",3,
24,160,592,514,"2,236067977",3,
24,161,590,516,"2,828427125",3,
24,162,591,516,1,3,
24,163,591,516,0,3,
24,164,591,514,2,3,
24,165,587,513,"4,123105626",3,
24,166,582,515,"5,385164807",3,
24,167,580,518,"3,605551275",3,
24,168,581,518,1,3,
24,169,584,516,"3,605551275",3,
24,170,588,512,"5,656854249",3,
24,171,591,506,"6,708203932",3,
24,172,592,503,"3,16227766",3,
24,173,591,503,1,3,
24,174,590,504,"1,414213562",3,
24,175,589,509,"5,099019514",3,
24,176,590,512,"3,16227766",3,
24,177,592,513,"2,236067977",3,
24,178,597,513,5,3,
24,179,605,510,"8,544003745",3,
24,180,612,505,"8,602325267",3,
24,181,615,506,"3,16227766",3,
24,182,611,507,"4,123105626",3,
24,183,609,507,2,3,
24,184,610,507,1,3,
24,185,610,508,1,3,
24,186,610,507,1,3,
24,187,611,507,1,3,
24,188,612,505,"2,236067977",3,
24,189,613,503,"2,236067977",3,
24,190,614,500,"3,16227766",3,
24,191,615,502,"2,236067977",3,
24,192,607,504,"8,246211251",3,
24,193,607,506,2,3,
24,194,608,503,"3,16227766",3,
24,195,608,503,0,3,
24,196,606,506,"3,605551275",3,
24,197,606,507,1,3,
24,198,606,508,1,3,
24,199,605,509,"1,414213562",3,
24,200,604,511,"2,236067977",3,
24,201,604,511,0,3,
24,202,606,508,"3,605551275",3,
24,203,610,502,"7,211102551",3,
24,204,615,498,"6,403124237",3,
24,205,623,494,"8,94427191",3,
24,206,630,487,"9,899494937",3,
24,207,638,479,"11,3137085",3,
24,208,642,474,"6,403124237",3,
24,209,645,469,"5,830951895",3,
24,210,645,471,2,3,
24,211,645,468,3,3,
24,212,696,443,"56,79788728",3,
24,213,676,444,"20,02498439",3,
24,214,645,460,"34,88552709",3,
24,215,646,464,"4,123105626",3,
24,216,643,473,"9,486832981",3,
24,217,639,480,"8,062257748",3,
24,218,627,488,"14,4222051",3,
24,219,617,491,"10,44030651",3,
24,220,613,491,4,3,
24,221,616,488,"4,242640687",3,
24,222,621,486,"5,385164807",3,
24,223,625,483,5,3,
24,224,624,483,1,3,
24,225,626,482,"2,236067977",3,
24,226,627,484,"2,236067977",3,
24,227,627,483,1,3,
24,228,623,484,"4,123105626",3,
24,229,621,485,"2,236067977",3,
24,230,622,488,"3,16227766",3,
24,231,622,489,1,3,
24,232,623,489,1,3,
24,233,623,489,0,3,
24,234,623,489,0,3,
24,235,624,489,1,3,
24,236,624,489,0,3,
24,237,624,489,0,3,
24,238,625,488,"1,414213562",3,
24,239,626,488,1,3,
24,240,625,489,"1,414213562",3,
24,241,626,488,"1,414213562",3,
24,242,626,487,1,3,
24,243,627,487,1,3,
24,244,628,485,"2,236067977",3,
24,245,628,483,2,3,
24,246,625,485,"3,605551275",3,
24,247,625,487,2,3,
24,248,625,487,0,3,
24,249,627,487,2,3,
24,250,626,486,"1,414213562",3,
24,251,625,486,1,3,
24,252,625,487,1,3,
24,253,625,488,1,3,
24,254,625,488,0,3,
24,255,625,490,2,3,
24,256,624,490,1,3,
24,257,624,490,0,3,
24,258,624,491,1,3,
24,259,624,490,1,3,
24,260,624,490,0,3,
24,261,624,490,0,3,
24,262,625,489,"1,414213562",3,
24,263,625,489,0,3,
24,264,625,489,0,3,
24,265,624,489,1,3,
24,266,624,488,1,3,
24,267,624,488,0,3,
24,268,626,487,"2,236067977",3,
24,269,625,488,"1,414213562",3,
24,270,624,491,"3,16227766",3,
24,271,623,495,"4,123105626",3,
24,272,622,501,"6,08276253",3,
24,273,623,503,"2,236067977",3,
24,274,625,500,"3,605551275",3,
24,275,626,496,"4,123105626",3,
24,276,623,498,"3,605551275",3,
24,277,624,494,"4,123105626",3,
24,278,623,493,"1,414213562",3,
24,279,622,495,"2,236067977",3,
24,280,622,495,0,3,
24,281,622,495,0,3,
24,282,622,494,1,3,
24,283,623,493,"1,414213562",3,
24,284,623,492,1,3,
24,285,624,493,"1,414213562",3,
24,286,624,493,0,3,
24,287,622,494,"2,236067977",3,
24,288,620,495,"2,236067977",3,
24,289,619,496,"1,414213562",3,
24,290,619,496,0,3,
24,291,621,498,"2,828427125",3,
24,292,620,501,"3,16227766",3,
24,293,618,502,"2,236067977",3,
24,294,617,502,1,3,
24,295,620,502,3,3,
24,296,627,501,"7,071067812",3,
24,297,634,498,"7,615773106",3,
24,298,639,495,"5,830951895",3,
24,299,638,497,"2,236067977",3,